dataset,photon_pt,photon_sieie,n,weight_nominal:sumw,weight_nominal:sumw2
GJets_DR-0p4_HT-100To200,"[200.0, 250.0)","[0.0, 0.001)",0,,
GJets_DR-0p4_HT-100To200,"[200.0, 250.0)","[0.001, 0.002)",0,,
GJets_DR-0p4_HT-100To200,"[200.0, 250.0)","[0.002, 0.003)",0,,
GJets_DR-0p4_HT-100To200,"[200.0, 250.0)","[0.003, 0.004)",0,,
GJets_DR-0p4_HT-100To200,"[200.0, 250.0)","[0.004, 0.005)",0,,
GJets_DR-0p4_HT-100To200,"[200.0, 250.0)","[0.005, 0.006)",0,,
GJets_DR-0p4_HT-100To200,"[200.0, 250.0)","[0.006, 0.007)",0,,
GJets_DR-0p4_HT-100To200,"[200.0, 250.0)","[0.007, 0.008)",0,,
GJets_DR-0p4_HT-100To200,"[200.0, 250.0)","[0.008, 0.009000000000000001)",1,0.00062808514898339985,3.944909543734996e-07
GJets_DR-0p4_HT-100To200,"[200.0, 250.0)","[0.009000000000000001, 0.01)",0,,
GJets_DR-0p4_HT-100To200,"[200.0, 250.0)","[0.01, 0.011)",0,,
GJets_DR-0p4_HT-100To200,"[200.0, 250.0)","[0.011, 0.012)",0,,
GJets_DR-0p4_HT-100To200,"[200.0, 250.0)","[0.012, 0.013000000000000001)",0,,
GJets_DR-0p4_HT-100To200,"[200.0, 250.0)","[0.013000000000000001, 0.014)",0,,
GJets_DR-0p4_HT-100To200,"[200.0, 250.0)","[0.014, 0.015)",0,,
GJets_DR-0p4_HT-100To200,"[200.0, 250.0)","[0.015, 0.016)",0,,
GJets_DR-0p4_HT-100To200,"[200.0, 250.0)","[0.016, 0.017)",0,,
GJets_DR-0p4_HT-100To200,"[200.0, 250.0)","[0.017, 0.018000000000000002)",0,,
GJets_DR-0p4_HT-100To200,"[200.0, 250.0)","[0.018000000000000002, 0.019)",0,,
GJets_DR-0p4_HT-100To200,"[200.0, 250.0)","[0.019, 0.02)",0,,
GJets_DR-0p4_HT-100To200,"[250.0, 300.0)","[0.0, 0.001)",0,,
GJets_DR-0p4_HT-100To200,"[250.0, 300.0)","[0.001, 0.002)",0,,
GJets_DR-0p4_HT-100To200,"[250.0, 300.0)","[0.002, 0.003)",0,,
GJets_DR-0p4_HT-100To200,"[250.0, 300.0)","[0.003, 0.004)",0,,
GJets_DR-0p4_HT-100To200,"[250.0, 300.0)","[0.004, 0.005)",0,,
GJets_DR-0p4_HT-100To200,"[250.0, 300.0)","[0.005, 0.006)",0,,
GJets_DR-0p4_HT-100To200,"[250.0, 300.0)","[0.006, 0.007)",0,,
GJets_DR-0p4_HT-100To200,"[250.0, 300.0)","[0.007, 0.008)",0,,
GJets_DR-0p4_HT-100To200,"[250.0, 300.0)","[0.008, 0.009000000000000001)",0,,
GJets_DR-0p4_HT-100To200,"[250.0, 300.0)","[0.009000000000000001, 0.01)",1,0.00013381601161182032,1.7906724963694829e-08
GJets_DR-0p4_HT-100To200,"[250.0, 300.0)","[0.01, 0.011)",0,,
GJets_DR-0p4_HT-100To200,"[250.0, 300.0)","[0.011, 0.012)",0,,
GJets_DR-0p4_HT-100To200,"[250.0, 300.0)","[0.012, 0.013000000000000001)",0,,
GJets_DR-0p4_HT-100To200,"[250.0, 300.0)","[0.013000000000000001, 0.014)",0,,
GJets_DR-0p4_HT-100To200,"[250.0, 300.0)","[0.014, 0.015)",0,,
GJets_DR-0p4_HT-100To200,"[250.0, 300.0)","[0.015, 0.016)",0,,
GJets_DR-0p4_HT-100To200,"[250.0, 300.0)","[0.016, 0.017)",0,,
GJets_DR-0p4_HT-100To200,"[250.0, 300.0)","[0.017, 0.018000000000000002)",0,,
GJets_DR-0p4_HT-100To200,"[250.0, 300.0)","[0.018000000000000002, 0.019)",0,,
GJets_DR-0p4_HT-100To200,"[250.0, 300.0)","[0.019, 0.02)",0,,
GJets_DR-0p4_HT-100To200,"[300.0, 400.0)","[0.0, 0.001)",0,,
GJets_DR-0p4_HT-100To200,"[300.0, 400.0)","[0.001, 0.002)",0,,
GJets_DR-0p4_HT-100To200,"[300.0, 400.0)","[0.002, 0.003)",0,,
GJets_DR-0p4_HT-100To200,"[300.0, 400.0)","[0.003, 0.004)",0,,
GJets_DR-0p4_HT-100To200,"[300.0, 400.0)","[0.004, 0.005)",0,,
GJets_DR-0p4_HT-100To200,"[300.0, 400.0)","[0.005, 0.006)",0,,
GJets_DR-0p4_HT-100To200,"[300.0, 400.0)","[0.006, 0.007)",0,,
GJets_DR-0p4_HT-100To200,"[300.0, 400.0)","[0.007, 0.008)",0,,
GJets_DR-0p4_HT-100To200,"[300.0, 400.0)","[0.008, 0.009000000000000001)",0,,
GJets_DR-0p4_HT-100To200,"[300.0, 400.0)","[0.009000000000000001, 0.01)",0,,
GJets_DR-0p4_HT-100To200,"[300.0, 400.0)","[0.01, 0.011)",0,,
GJets_DR-0p4_HT-100To200,"[300.0, 400.0)","[0.011, 0.012)",0,,
GJets_DR-0p4_HT-100To200,"[300.0, 400.0)","[0.012, 0.013000000000000001)",0,,
GJets_DR-0p4_HT-100To200,"[300.0, 400.0)","[0.013000000000000001, 0.014)",0,,
GJets_DR-0p4_HT-100To200,"[300.0, 400.0)","[0.014, 0.015)",0,,
GJets_DR-0p4_HT-100To200,"[300.0, 400.0)","[0.015, 0.016)",0,,
GJets_DR-0p4_HT-100To200,"[300.0, 400.0)","[0.016, 0.017)",0,,
GJets_DR-0p4_HT-100To200,"[300.0, 400.0)","[0.017, 0.018000000000000002)",0,,
GJets_DR-0p4_HT-100To200,"[300.0, 400.0)","[0.018000000000000002, 0.019)",0,,
GJets_DR-0p4_HT-100To200,"[300.0, 400.0)","[0.019, 0.02)",0,,
GJets_DR-0p4_HT-100To200,"[400.0, 500.0)","[0.0, 0.001)",0,,
GJets_DR-0p4_HT-100To200,"[400.0, 500.0)","[0.001, 0.002)",0,,
GJets_DR-0p4_HT-100To200,"[400.0, 500.0)","[0.002, 0.003)",0,,
GJets_DR-0p4_HT-100To200,"[400.0, 500.0)","[0.003, 0.004)",0,,
GJets_DR-0p4_HT-100To200,"[400.0, 500.0)","[0.004, 0.005)",0,,
GJets_DR-0p4_HT-100To200,"[400.0, 500.0)","[0.005, 0.006)",0,,
GJets_DR-0p4_HT-100To200,"[400.0, 500.0)","[0.006, 0.007)",0,,
GJets_DR-0p4_HT-100To200,"[400.0, 500.0)","[0.007, 0.008)",0,,
GJets_DR-0p4_HT-100To200,"[400.0, 500.0)","[0.008, 0.009000000000000001)",0,,
GJets_DR-0p4_HT-100To200,"[400.0, 500.0)","[0.009000000000000001, 0.01)",0,,
GJets_DR-0p4_HT-100To200,"[400.0, 500.0)","[0.01, 0.011)",0,,
GJets_DR-0p4_HT-100To200,"[400.0, 500.0)","[0.011, 0.012)",0,,
GJets_DR-0p4_HT-100To200,"[400.0, 500.0)","[0.012, 0.013000000000000001)",0,,
GJets_DR-0p4_HT-100To200,"[400.0, 500.0)","[0.013000000000000001, 0.014)",0,,
GJets_DR-0p4_HT-100To200,"[400.0, 500.0)","[0.014, 0.015)",0,,
GJets_DR-0p4_HT-100To200,"[400.0, 500.0)","[0.015, 0.016)",0,,
GJets_DR-0p4_HT-100To200,"[400.0, 500.0)","[0.016, 0.017)",0,,
GJets_DR-0p4_HT-100To200,"[400.0, 500.0)","[0.017, 0.018000000000000002)",0,,
GJets_DR-0p4_HT-100To200,"[400.0, 500.0)","[0.018000000000000002, 0.019)",0,,
GJets_DR-0p4_HT-100To200,"[400.0, 500.0)","[0.019, 0.02)",0,,
GJets_DR-0p4_HT-100To200,"[500.0, 600.0)","[0.0, 0.001)",0,,
GJets_DR-0p4_HT-100To200,"[500.0, 600.0)","[0.001, 0.002)",0,,
GJets_DR-0p4_HT-100To200,"[500.0, 600.0)","[0.002, 0.003)",0,,
GJets_DR-0p4_HT-100To200,"[500.0, 600.0)","[0.003, 0.004)",0,,
GJets_DR-0p4_HT-100To200,"[500.0, 600.0)","[0.004, 0.005)",0,,
GJets_DR-0p4_HT-100To200,"[500.0, 600.0)","[0.005, 0.006)",0,,
GJets_DR-0p4_HT-100To200,"[500.0, 600.0)","[0.006, 0.007)",0,,
GJets_DR-0p4_HT-100To200,"[500.0, 600.0)","[0.007, 0.008)",0,,
GJets_DR-0p4_HT-100To200,"[500.0, 600.0)","[0.008, 0.009000000000000001)",0,,
GJets_DR-0p4_HT-100To200,"[500.0, 600.0)","[0.009000000000000001, 0.01)",0,,
GJets_DR-0p4_HT-100To200,"[500.0, 600.0)","[0.01, 0.011)",0,,
GJets_DR-0p4_HT-100To200,"[500.0, 600.0)","[0.011, 0.012)",0,,
GJets_DR-0p4_HT-100To200,"[500.0, 600.0)","[0.012, 0.013000000000000001)",0,,
GJets_DR-0p4_HT-100To200,"[500.0, 600.0)","[0.013000000000000001, 0.014)",0,,
GJets_DR-0p4_HT-100To200,"[500.0, 600.0)","[0.014, 0.015)",0,,
GJets_DR-0p4_HT-100To200,"[500.0, 600.0)","[0.015, 0.016)",0,,
GJets_DR-0p4_HT-100To200,"[500.0, 600.0)","[0.016, 0.017)",0,,
GJets_DR-0p4_HT-100To200,"[500.0, 600.0)","[0.017, 0.018000000000000002)",0,,
GJets_DR-0p4_HT-100To200,"[500.0, 600.0)","[0.018000000000000002, 0.019)",0,,
GJets_DR-0p4_HT-100To200,"[500.0, 600.0)","[0.019, 0.02)",0,,
GJets_DR-0p4_HT-100To200,"[600.0, 1000.0)","[0.0, 0.001)",0,,
GJets_DR-0p4_HT-100To200,"[600.0, 1000.0)","[0.001, 0.002)",0,,
GJets_DR-0p4_HT-100To200,"[600.0, 1000.0)","[0.002, 0.003)",0,,
GJets_DR-0p4_HT-100To200,"[600.0, 1000.0)","[0.003, 0.004)",0,,
GJets_DR-0p4_HT-100To200,"[600.0, 1000.0)","[0.004, 0.005)",0,,
GJets_DR-0p4_HT-100To200,"[600.0, 1000.0)","[0.005, 0.006)",0,,
GJets_DR-0p4_HT-100To200,"[600.0, 1000.0)","[0.006, 0.007)",0,,
GJets_DR-0p4_HT-100To200,"[600.0, 1000.0)","[0.007, 0.008)",0,,
GJets_DR-0p4_HT-100To200,"[600.0, 1000.0)","[0.008, 0.009000000000000001)",0,,
GJets_DR-0p4_HT-100To200,"[600.0, 1000.0)","[0.009000000000000001, 0.01)",0,,
GJets_DR-0p4_HT-100To200,"[600.0, 1000.0)","[0.01, 0.011)",0,,
GJets_DR-0p4_HT-100To200,"[600.0, 1000.0)","[0.011, 0.012)",0,,
GJets_DR-0p4_HT-100To200,"[600.0, 1000.0)","[0.012, 0.013000000000000001)",0,,
GJets_DR-0p4_HT-100To200,"[600.0, 1000.0)","[0.013000000000000001, 0.014)",0,,
GJets_DR-0p4_HT-100To200,"[600.0, 1000.0)","[0.014, 0.015)",0,,
GJets_DR-0p4_HT-100To200,"[600.0, 1000.0)","[0.015, 0.016)",0,,
GJets_DR-0p4_HT-100To200,"[600.0, 1000.0)","[0.016, 0.017)",0,,
GJets_DR-0p4_HT-100To200,"[600.0, 1000.0)","[0.017, 0.018000000000000002)",0,,
GJets_DR-0p4_HT-100To200,"[600.0, 1000.0)","[0.018000000000000002, 0.019)",0,,
GJets_DR-0p4_HT-100To200,"[600.0, 1000.0)","[0.019, 0.02)",0,,
GJets_DR-0p4_HT-200To400,"[200.0, 250.0)","[0.0, 0.001)",6,0.0002542363067852396,1.0926318112627956e-08
GJets_DR-0p4_HT-200To400,"[200.0, 250.0)","[0.001, 0.002)",1,4.4066768877468158e-05,1.9418801193001961e-09
GJets_DR-0p4_HT-200To400,"[200.0, 250.0)","[0.002, 0.003)",5,0.00014145651297481707,5.7224862113569592e-09
GJets_DR-0p4_HT-200To400,"[200.0, 250.0)","[0.003, 0.004)",5,0.00017616250425709934,6.741208230037422e-09
GJets_DR-0p4_HT-200To400,"[200.0, 250.0)","[0.004, 0.005)",2,8.3688135117414059e-05,3.5518439294743949e-09
GJets_DR-0p4_HT-200To400,"[200.0, 250.0)","[0.005, 0.006)",3,9.076173505168214e-05,4.1345068174883917e-09
GJets_DR-0p4_HT-200To400,"[200.0, 250.0)","[0.006, 0.007)",28,0.0012132367676247538,5.307626940028166e-08
GJets_DR-0p4_HT-200To400,"[200.0, 250.0)","[0.007, 0.008)",267,0.010660489557112782,4.5901881951621708e-07
GJets_DR-0p4_HT-200To400,"[200.0, 250.0)","[0.008, 0.009000000000000001)",4224,0.16506064970557566,7.0536060994189517e-06
GJets_DR-0p4_HT-200To400,"[200.0, 250.0)","[0.009000000000000001, 0.01)",8310,0.32649597318092549,1.3978706188929176e-05
GJets_DR-0p4_HT-200To400,"[200.0, 250.0)","[0.01, 0.011)",362,0.014136989030582883,6.0433795407875661e-07
GJets_DR-0p4_HT-200To400,"[200.0, 250.0)","[0.011, 0.012)",26,0.0010126391379777081,4.3422301419969335e-08
GJets_DR-0p4_HT-200To400,"[200.0, 250.0)","[0.012, 0.013000000000000001)",16,0.00061150015274243606,2.4807183444387607e-08
GJets_DR-0p4_HT-200To400,"[200.0, 250.0)","[0.013000000000000001, 0.014)",13,0.00046001198253500287,1.9740512191038207e-08
GJets_DR-0p4_HT-200To400,"[200.0, 250.0)","[0.014, 0.015)",6,0.00019630600522103334,7.9452070222652362e-09
GJets_DR-0p4_HT-200To400,"[200.0, 250.0)","[0.015, 0.016)",5,0.00018888750636188737,7.9626622717981718e-09
GJets_DR-0p4_HT-200To400,"[200.0, 250.0)","[0.016, 0.017)",4,0.00018205287918000515,8.332227031895776e-09
GJets_DR-0p4_HT-200To400,"[200.0, 250.0)","[0.017, 0.018000000000000002)",2,8.7859352035550179e-05,3.8906606982389715e-09
GJets_DR-0p4_HT-200To400,"[200.0, 250.0)","[0.018000000000000002, 0.019)",2,8.12808223039811e-05,3.3156544765085371e-09
GJets_DR-0p4_HT-200To400,"[200.0, 250.0)","[0.019, 0.02)",0,,
GJets_DR-0p4_HT-200To400,"[250.0, 300.0)","[0.0, 0.001)",8,0.00033135137326393779,1.4127226546858762e-08
GJets_DR-0p4_HT-200To400,"[250.0, 300.0)","[0.001, 0.002)",5,0.00020842528250176573,8.8334329415864452e-09
GJets_DR-0p4_HT-200To400,"[250.0, 300.0)","[0.002, 0.003)",7,0.00027435456938336493,1.2175518894975688e-08
GJets_DR-0p4_HT-200To400,"[250.0, 300.0)","[0.003, 0.004)",3,0.00013689802241115764,6.2609469503684951e-09
GJets_DR-0p4_HT-200To400,"[250.0, 300.0)","[0.004, 0.005)",3,0.00013533075733944048,6.115844881598125e-09
GJets_DR-0p4_HT-200To400,"[250.0, 300.0)","[0.005, 0.006)",8,0.00035223149423382975,1.5584374739877283e-08
GJets_DR-0p4_HT-200To400,"[250.0, 300.0)","[0.006, 0.007)",37,0.0013868687693110774,5.8352419260937906e-08
GJets_DR-0p4_HT-200To400,"[250.0, 300.0)","[0.007, 0.008)",245,0.0096874959456608768,4.1675389460457634e-07
GJets_DR-0p4_HT-200To400,"[250.0, 300.0)","[0.008, 0.009000000000000001)",5217,0.20218304834873718,8.6227116071450577e-06
GJets_DR-0p4_HT-200To400,"[250.0, 300.0)","[0.009000000000000001, 0.01)",10729,0.41920740344076857,1.7906727917455707e-05
GJets_DR-0p4_HT-200To400,"[250.0, 300.0)","[0.01, 0.011)",439,0.017506108089847195,7.5507684730248325e-07
GJets_DR-0p4_HT-200To400,"[250.0, 300.0)","[0.011, 0.012)",30,0.0011146599450726146,4.7072202919957261e-08
GJets_DR-0p4_HT-200To400,"[250.0, 300.0)","[0.012, 0.013000000000000001)",24,0.0009547113733540455,4.0327995155672047e-08
GJets_DR-0p4_HT-200To400,"[250.0, 300.0)","[0.013000000000000001, 0.014)",12,0.00048182633653118994,2.0423229093351455e-08
GJets_DR-0p4_HT-200To400,"[250.0, 300.0)","[0.014, 0.015)",20,0.00071590409449522399,2.9256057391828064e-08
GJets_DR-0p4_HT-200To400,"[250.0, 300.0)","[0.015, 0.016)",13,0.00056996816883776366,2.5095310569191496e-08
GJets_DR-0p4_HT-200To400,"[250.0, 300.0)","[0.016, 0.017)",6,0.0002572552987606536,1.1316027097550209e-08
GJets_DR-0p4_HT-200To400,"[250.0, 300.0)","[0.017, 0.018000000000000002)",2,8.5530605767616898e-05,3.6585469034351746e-09
GJets_DR-0p4_HT-200To400,"[250.0, 300.0)","[0.018000000000000002, 0.019)",1,4.3309343320937924e-05,1.8756992188908702e-09
GJets_DR-0p4_HT-200To400,"[250.0, 300.0)","[0.019, 0.02)",3,5.9142390678227261e-05,2.0999345349783525e-09
GJets_DR-0p4_HT-200To400,"[300.0, 400.0)","[0.0, 0.001)",5,0.00018385122332900192,7.2704088780992331e-09
GJets_DR-0p4_HT-200To400,"[300.0, 400.0)","[0.001, 0.002)",1,4.5660043755754377e-05,2.0848395957774042e-09
GJets_DR-0p4_HT-200To400,"[300.0, 400.0)","[0.002, 0.003)",4,0.00018215329088935766,8.3231251573442559e-09
GJets_DR-0p4_HT-200To400,"[300.0, 400.0)","[0.003, 0.004)",2,9.6561962710953016e-05,4.6627153700186687e-09
GJets_DR-0p4_HT-200To400,"[300.0, 400.0)","[0.004, 0.005)",4,0.00016889370169151184,7.3095429024388317e-09
GJets_DR-0p4_HT-200To400,"[300.0, 400.0)","[0.005, 0.006)",6,0.00025650694908780784,1.1063962719800487e-08
GJets_DR-0p4_HT-200To400,"[300.0, 400.0)","[0.006, 0.007)",15,0.00065886292480409178,2.9216672903212448e-08
GJets_DR-0p4_HT-200To400,"[300.0, 400.0)","[0.007, 0.008)",103,0.0039629008624775149,1.6647595155613816e-07
GJets_DR-0p4_HT-200To400,"[300.0, 400.0)","[0.008, 0.009000000000000001)",2080,0.080806573832637646,3.4447965725180025e-06
GJets_DR-0p4_HT-200To400,"[300.0, 400.0)","[0.009000000000000001, 0.01)",4693,0.18389151746531135,7.8441838515127745e-06
GJets_DR-0p4_HT-200To400,"[300.0, 400.0)","[0.01, 0.011)",171,0.0069602727613350688,2.9994796262638965e-07
GJets_DR-0p4_HT-200To400,"[300.0, 400.0)","[0.011, 0.012)",9,0.00034683068599831069,1.511495626376055e-08
GJets_DR-0p4_HT-200To400,"[300.0, 400.0)","[0.012, 0.013000000000000001)",5,0.00019806046840506361,7.9928320764763369e-09
GJets_DR-0p4_HT-200To400,"[300.0, 400.0)","[0.013000000000000001, 0.014)",14,0.00055477225590180206,2.4231771811472649e-08
GJets_DR-0p4_HT-200To400,"[300.0, 400.0)","[0.014, 0.015)",9,0.00037028664289799195,1.5488265797148482e-08
GJets_DR-0p4_HT-200To400,"[300.0, 400.0)","[0.015, 0.016)",6,0.00025628894848360299,1.1043165017486017e-08
GJets_DR-0p4_HT-200To400,"[300.0, 400.0)","[0.016, 0.017)",5,0.00020384572793228327,8.3969894932727492e-09
GJets_DR-0p4_HT-200To400,"[300.0, 400.0)","[0.017, 0.018000000000000002)",5,0.00011691905404093158,3.9418764975215148e-09
GJets_DR-0p4_HT-200To400,"[300.0, 400.0)","[0.018000000000000002, 0.019)",2,8.4879102777166875e-05,3.602395376787168e-09
GJets_DR-0p4_HT-200To400,"[300.0, 400.0)","[0.019, 0.02)",0,,
GJets_DR-0p4_HT-200To400,"[400.0, 500.0)","[0.0, 0.001)",0,,
GJets_DR-0p4_HT-200To400,"[400.0, 500.0)","[0.001, 0.002)",0,,
GJets_DR-0p4_HT-200To400,"[400.0, 500.0)","[0.002, 0.003)",0,,
GJets_DR-0p4_HT-200To400,"[400.0, 500.0)","[0.003, 0.004)",0,,
GJets_DR-0p4_HT-200To400,"[400.0, 500.0)","[0.004, 0.005)",0,,
GJets_DR-0p4_HT-200To400,"[400.0, 500.0)","[0.005, 0.006)",0,,
GJets_DR-0p4_HT-200To400,"[400.0, 500.0)","[0.006, 0.007)",0,,
GJets_DR-0p4_HT-200To400,"[400.0, 500.0)","[0.007, 0.008)",0,,
GJets_DR-0p4_HT-200To400,"[400.0, 500.0)","[0.008, 0.009000000000000001)",14,0.00051470250187509207,2.1363675720636376e-08
GJets_DR-0p4_HT-200To400,"[400.0, 500.0)","[0.009000000000000001, 0.01)",38,0.0014368565711652887,5.9759792174803976e-08
GJets_DR-0p4_HT-200To400,"[400.0, 500.0)","[0.01, 0.011)",2,8.6004265728285796e-05,3.7047848303372232e-09
GJets_DR-0p4_HT-200To400,"[400.0, 500.0)","[0.011, 0.012)",0,,
GJets_DR-0p4_HT-200To400,"[400.0, 500.0)","[0.012, 0.013000000000000001)",1,4.244573343449193e-05,1.8016402867919461e-09
GJets_DR-0p4_HT-200To400,"[400.0, 500.0)","[0.013000000000000001, 0.014)",0,,
GJets_DR-0p4_HT-200To400,"[400.0, 500.0)","[0.014, 0.015)",1,1.6112745415108586e-05,2.5962056481210278e-10
GJets_DR-0p4_HT-200To400,"[400.0, 500.0)","[0.015, 0.016)",0,,
GJets_DR-0p4_HT-200To400,"[400.0, 500.0)","[0.016, 0.017)",0,,
GJets_DR-0p4_HT-200To400,"[400.0, 500.0)","[0.017, 0.018000000000000002)",0,,
GJets_DR-0p4_HT-200To400,"[400.0, 500.0)","[0.018000000000000002, 0.019)",0,,
GJets_DR-0p4_HT-200To400,"[400.0, 500.0)","[0.019, 0.02)",0,,
GJets_DR-0p4_HT-200To400,"[500.0, 600.0)","[0.0, 0.001)",0,,
GJets_DR-0p4_HT-200To400,"[500.0, 600.0)","[0.001, 0.002)",0,,
GJets_DR-0p4_HT-200To400,"[500.0, 600.0)","[0.002, 0.003)",0,,
GJets_DR-0p4_HT-200To400,"[500.0, 600.0)","[0.003, 0.004)",0,,
GJets_DR-0p4_HT-200To400,"[500.0, 600.0)","[0.004, 0.005)",0,,
GJets_DR-0p4_HT-200To400,"[500.0, 600.0)","[0.005, 0.006)",0,,
GJets_DR-0p4_HT-200To400,"[500.0, 600.0)","[0.006, 0.007)",0,,
GJets_DR-0p4_HT-200To400,"[500.0, 600.0)","[0.007, 0.008)",0,,
GJets_DR-0p4_HT-200To400,"[500.0, 600.0)","[0.008, 0.009000000000000001)",0,,
GJets_DR-0p4_HT-200To400,"[500.0, 600.0)","[0.009000000000000001, 0.01)",0,,
GJets_DR-0p4_HT-200To400,"[500.0, 600.0)","[0.01, 0.011)",0,,
GJets_DR-0p4_HT-200To400,"[500.0, 600.0)","[0.011, 0.012)",0,,
GJets_DR-0p4_HT-200To400,"[500.0, 600.0)","[0.012, 0.013000000000000001)",0,,
GJets_DR-0p4_HT-200To400,"[500.0, 600.0)","[0.013000000000000001, 0.014)",0,,
GJets_DR-0p4_HT-200To400,"[500.0, 600.0)","[0.014, 0.015)",0,,
GJets_DR-0p4_HT-200To400,"[500.0, 600.0)","[0.015, 0.016)",0,,
GJets_DR-0p4_HT-200To400,"[500.0, 600.0)","[0.016, 0.017)",0,,
GJets_DR-0p4_HT-200To400,"[500.0, 600.0)","[0.017, 0.018000000000000002)",0,,
GJets_DR-0p4_HT-200To400,"[500.0, 600.0)","[0.018000000000000002, 0.019)",0,,
GJets_DR-0p4_HT-200To400,"[500.0, 600.0)","[0.019, 0.02)",0,,
GJets_DR-0p4_HT-200To400,"[600.0, 1000.0)","[0.0, 0.001)",0,,
GJets_DR-0p4_HT-200To400,"[600.0, 1000.0)","[0.001, 0.002)",0,,
GJets_DR-0p4_HT-200To400,"[600.0, 1000.0)","[0.002, 0.003)",0,,
GJets_DR-0p4_HT-200To400,"[600.0, 1000.0)","[0.003, 0.004)",0,,
GJets_DR-0p4_HT-200To400,"[600.0, 1000.0)","[0.004, 0.005)",0,,
GJets_DR-0p4_HT-200To400,"[600.0, 1000.0)","[0.005, 0.006)",0,,
GJets_DR-0p4_HT-200To400,"[600.0, 1000.0)","[0.006, 0.007)",0,,
GJets_DR-0p4_HT-200To400,"[600.0, 1000.0)","[0.007, 0.008)",0,,
GJets_DR-0p4_HT-200To400,"[600.0, 1000.0)","[0.008, 0.009000000000000001)",0,,
GJets_DR-0p4_HT-200To400,"[600.0, 1000.0)","[0.009000000000000001, 0.01)",0,,
GJets_DR-0p4_HT-200To400,"[600.0, 1000.0)","[0.01, 0.011)",0,,
GJets_DR-0p4_HT-200To400,"[600.0, 1000.0)","[0.011, 0.012)",0,,
GJets_DR-0p4_HT-200To400,"[600.0, 1000.0)","[0.012, 0.013000000000000001)",0,,
GJets_DR-0p4_HT-200To400,"[600.0, 1000.0)","[0.013000000000000001, 0.014)",0,,
GJets_DR-0p4_HT-200To400,"[600.0, 1000.0)","[0.014, 0.015)",0,,
GJets_DR-0p4_HT-200To400,"[600.0, 1000.0)","[0.015, 0.016)",0,,
GJets_DR-0p4_HT-200To400,"[600.0, 1000.0)","[0.016, 0.017)",0,,
GJets_DR-0p4_HT-200To400,"[600.0, 1000.0)","[0.017, 0.018000000000000002)",0,,
GJets_DR-0p4_HT-200To400,"[600.0, 1000.0)","[0.018000000000000002, 0.019)",0,,
GJets_DR-0p4_HT-200To400,"[600.0, 1000.0)","[0.019, 0.02)",0,,
GJets_DR-0p4_HT-400To600,"[200.0, 250.0)","[0.0, 0.001)",1,2.3087340827521782e-05,5.3302530648615419e-10
GJets_DR-0p4_HT-400To600,"[200.0, 250.0)","[0.001, 0.002)",0,,
GJets_DR-0p4_HT-400To600,"[200.0, 250.0)","[0.002, 0.003)",2,4.3644661094516801e-05,9.5254871610349797e-10
GJets_DR-0p4_HT-400To600,"[200.0, 250.0)","[0.003, 0.004)",2,3.9906380927021989e-05,8.3343963938767316e-10
GJets_DR-0p4_HT-400To600,"[200.0, 250.0)","[0.004, 0.005)",1,2.337150756796227e-05,5.4622736599931766e-10
GJets_DR-0p4_HT-400To600,"[200.0, 250.0)","[0.005, 0.006)",2,3.8155426239064297e-05,7.3345438927415553e-10
GJets_DR-0p4_HT-400To600,"[200.0, 250.0)","[0.006, 0.007)",13,0.00026180238642917522,5.430089534173321e-09
GJets_DR-0p4_HT-400To600,"[200.0, 250.0)","[0.007, 0.008)",165,0.0031189456190866289,6.5995385314415159e-08
GJets_DR-0p4_HT-400To600,"[200.0, 250.0)","[0.008, 0.009000000000000001)",2552,0.049089840005306584,1.0401707120935216e-06
GJets_DR-0p4_HT-400To600,"[200.0, 250.0)","[0.009000000000000001, 0.01)",4801,0.091242548763706188,1.9226478969258944e-06
GJets_DR-0p4_HT-400To600,"[200.0, 250.0)","[0.01, 0.011)",344,0.006428245009594,1.3520977773483776e-07
GJets_DR-0p4_HT-400To600,"[200.0, 250.0)","[0.011, 0.012)",199,0.0036377949966468212,7.68743877145471e-08
GJets_DR-0p4_HT-400To600,"[200.0, 250.0)","[0.012, 0.013000000000000001)",185,0.003527351027690247,7.4616870331711857e-08
GJets_DR-0p4_HT-400To600,"[200.0, 250.0)","[0.013000000000000001, 0.014)",119,0.0022142043625312594,4.6527314857584329e-08
GJets_DR-0p4_HT-400To600,"[200.0, 250.0)","[0.014, 0.015)",84,0.0015735539022806878,3.3567250340421515e-08
GJets_DR-0p4_HT-400To600,"[200.0, 250.0)","[0.015, 0.016)",57,0.0010934341907603651,2.3017306971314219e-08
GJets_DR-0p4_HT-400To600,"[200.0, 250.0)","[0.016, 0.017)",33,0.00055563091054181826,1.1462941417684328e-08
GJets_DR-0p4_HT-400To600,"[200.0, 250.0)","[0.017, 0.018000000000000002)",19,0.00037808182626042531,7.8653556806417077e-09
GJets_DR-0p4_HT-400To600,"[200.0, 250.0)","[0.018000000000000002, 0.019)",12,0.00024374201934351819,5.2239109849883485e-09
GJets_DR-0p4_HT-400To600,"[200.0, 250.0)","[0.019, 0.02)",10,0.00021477392582561103,4.6231854760245313e-09
GJets_DR-0p4_HT-400To600,"[250.0, 300.0)","[0.0, 0.001)",6,9.9641570469372048e-05,1.8899111746549119e-09
GJets_DR-0p4_HT-400To600,"[250.0, 300.0)","[0.001, 0.002)",2,2.3797910020075997e-05,4.7088243424319428e-10
GJets_DR-0p4_HT-400To600,"[250.0, 300.0)","[0.002, 0.003)",2,4.2641548081372449e-05,9.0919441299467417e-10
GJets_DR-0p4_HT-400To600,"[250.0, 300.0)","[0.003, 0.004)",6,8.7153933768860679e-05,1.5504653418491069e-09
GJets_DR-0p4_HT-400To600,"[250.0, 300.0)","[0.004, 0.005)",5,0.00011376792059135651,2.6052962243718297e-09
GJets_DR-0p4_HT-400To600,"[250.0, 300.0)","[0.005, 0.006)",9,0.00018627660366870238,3.9071007004192603e-09
GJets_DR-0p4_HT-400To600,"[250.0, 300.0)","[0.006, 0.007)",21,0.00043647200536172813,9.2406188580180122e-09
GJets_DR-0p4_HT-400To600,"[250.0, 300.0)","[0.007, 0.008)",202,0.0037488768114266827,7.8284687652915421e-08
GJets_DR-0p4_HT-400To600,"[250.0, 300.0)","[0.008, 0.009000000000000001)",4096,0.078318963412709289,1.6553937821844141e-06
GJets_DR-0p4_HT-400To600,"[250.0, 300.0)","[0.009000000000000001, 0.01)",8338,0.15775589457134945,3.3248937043907064e-06
GJets_DR-0p4_HT-400To600,"[250.0, 300.0)","[0.01, 0.011)",435,0.0082792065943893232,1.7502419631647336e-07
GJets_DR-0p4_HT-400To600,"[250.0, 300.0)","[0.011, 0.012)",287,0.005351165752121476,1.103126416128427e-07
GJets_DR-0p4_HT-400To600,"[250.0, 300.0)","[0.012, 0.013000000000000001)",305,0.0058897863867420925,1.252525778822725e-07
GJets_DR-0p4_HT-400To600,"[250.0, 300.0)","[0.013000000000000001, 0.014)",199,0.0037994582450098955,8.1479964725235341e-08
GJets_DR-0p4_HT-400To600,"[250.0, 300.0)","[0.014, 0.015)",163,0.0030625287361930606,6.4234307241903444e-08
GJets_DR-0p4_HT-400To600,"[250.0, 300.0)","[0.015, 0.016)",108,0.0021052881662846027,4.4144758918561026e-08
GJets_DR-0p4_HT-400To600,"[250.0, 300.0)","[0.016, 0.017)",61,0.001132086571816654,2.2951914577365806e-08
GJets_DR-0p4_HT-400To600,"[250.0, 300.0)","[0.017, 0.018000000000000002)",33,0.0006128076141934649,1.2427113955147926e-08
GJets_DR-0p4_HT-400To600,"[250.0, 300.0)","[0.018000000000000002, 0.019)",19,0.00036263676848712111,7.4231388270594743e-09
GJets_DR-0p4_HT-400To600,"[250.0, 300.0)","[0.019, 0.02)",12,0.0002432227690005654,5.1242961599172671e-09
GJets_DR-0p4_HT-400To600,"[300.0, 400.0)","[0.0, 0.001)",7,0.00014210111922025059,2.9152874731566605e-09
GJets_DR-0p4_HT-400To600,"[300.0, 400.0)","[0.001, 0.002)",1,2.2867379316694038e-05,5.2291703681356632e-10
GJets_DR-0p4_HT-400To600,"[300.0, 400.0)","[0.002, 0.003)",6,0.00011580971154976007,2.3626687697215232e-09
GJets_DR-0p4_HT-400To600,"[300.0, 400.0)","[0.003, 0.004)",7,0.0001441296033079128,2.9972280827064375e-09
GJets_DR-0p4_HT-400To600,"[300.0, 400.0)","[0.004, 0.005)",3,6.6023803264478914e-05,1.4530645447389027e-09
GJets_DR-0p4_HT-400To600,"[300.0, 400.0)","[0.005, 0.006)",8,0.00015754905073175047,3.1688362089558411e-09
GJets_DR-0p4_HT-400To600,"[300.0, 400.0)","[0.006, 0.007)",21,0.00034733535808203488,6.8968062668171633e-09
GJets_DR-0p4_HT-400To600,"[300.0, 400.0)","[0.007, 0.008)",180,0.0034558855524968908,7.2531001255253438e-08
GJets_DR-0p4_HT-400To600,"[300.0, 400.0)","[0.008, 0.009000000000000001)",4247,0.081888039488252656,1.7353404578787343e-06
GJets_DR-0p4_HT-400To600,"[300.0, 400.0)","[0.009000000000000001, 0.01)",8963,0.17165970142338544,3.6254025730971089e-06
GJets_DR-0p4_HT-400To600,"[300.0, 400.0)","[0.01, 0.011)",386,0.0074673353536392874,1.5881285177872889e-07
GJets_DR-0p4_HT-400To600,"[300.0, 400.0)","[0.011, 0.012)",111,0.0021711142185490018,4.6772572955561599e-08
GJets_DR-0p4_HT-400To600,"[300.0, 400.0)","[0.012, 0.013000000000000001)",228,0.0043953826032419995,9.3269329553600487e-08
GJets_DR-0p4_HT-400To600,"[300.0, 400.0)","[0.013000000000000001, 0.014)",250,0.0046650894032409232,9.7614958399009942e-08
GJets_DR-0p4_HT-400To600,"[300.0, 400.0)","[0.014, 0.015)",191,0.0035982514287029943,7.5722638179496029e-08
GJets_DR-0p4_HT-400To600,"[300.0, 400.0)","[0.015, 0.016)",122,0.0023257665902086735,4.9827672256375223e-08
GJets_DR-0p4_HT-400To600,"[300.0, 400.0)","[0.016, 0.017)",74,0.0014021170639372967,2.8372034220760121e-08
GJets_DR-0p4_HT-400To600,"[300.0, 400.0)","[0.017, 0.018000000000000002)",42,0.00079046742875261132,1.6590867534663843e-08
GJets_DR-0p4_HT-400To600,"[300.0, 400.0)","[0.018000000000000002, 0.019)",21,0.00041289155067291821,8.8085812303264399e-09
GJets_DR-0p4_HT-400To600,"[300.0, 400.0)","[0.019, 0.02)",11,0.00021257282323266954,4.5121500024413417e-09
GJets_DR-0p4_HT-400To600,"[400.0, 500.0)","[0.0, 0.001)",0,,
GJets_DR-0p4_HT-400To600,"[400.0, 500.0)","[0.001, 0.002)",1,2.2631723874089248e-05,5.1219492551302123e-10
GJets_DR-0p4_HT-400To600,"[400.0, 500.0)","[0.002, 0.003)",1,2.1313442103642978e-05,4.5426281430534124e-10
GJets_DR-0p4_HT-400To600,"[400.0, 500.0)","[0.003, 0.004)",2,3.0541675410719836e-05,5.2095514244615628e-10
GJets_DR-0p4_HT-400To600,"[400.0, 500.0)","[0.004, 0.005)",3,6.5515099245383991e-05,1.4311771879942825e-09
GJets_DR-0p4_HT-400To600,"[400.0, 500.0)","[0.005, 0.006)",4,8.7833264039783457e-05,1.9310427871624229e-09
GJets_DR-0p4_HT-400To600,"[400.0, 500.0)","[0.006, 0.007)",5,0.0001076280713531066,2.3265405452681649e-09
GJets_DR-0p4_HT-400To600,"[400.0, 500.0)","[0.007, 0.008)",57,0.0011565166188880845,2.4417563635548726e-08
GJets_DR-0p4_HT-400To600,"[400.0, 500.0)","[0.008, 0.009000000000000001)",1717,0.033198721396392766,7.0381858621059062e-07
GJets_DR-0p4_HT-400To600,"[400.0, 500.0)","[0.009000000000000001, 0.01)",4005,0.077926945675737269,1.6529874843658507e-06
GJets_DR-0p4_HT-400To600,"[400.0, 500.0)","[0.01, 0.011)",136,0.0026357371493074492,5.6179672692560322e-08
GJets_DR-0p4_HT-400To600,"[400.0, 500.0)","[0.011, 0.012)",18,0.00036178262824061323,7.4768841463537697e-09
GJets_DR-0p4_HT-400To600,"[400.0, 500.0)","[0.012, 0.013000000000000001)",36,0.00068436429866596275,1.4512560689968575e-08
GJets_DR-0p4_HT-400To600,"[400.0, 500.0)","[0.013000000000000001, 0.014)",26,0.00045088322386603,9.2648569610103799e-09
GJets_DR-0p4_HT-400To600,"[400.0, 500.0)","[0.014, 0.015)",18,0.00036641782471588045,8.0040933859762827e-09
GJets_DR-0p4_HT-400To600,"[400.0, 500.0)","[0.015, 0.016)",14,0.00029466598799921114,6.2576551761455147e-09
GJets_DR-0p4_HT-400To600,"[400.0, 500.0)","[0.016, 0.017)",9,0.00014449456882964013,2.9711101651434632e-09
GJets_DR-0p4_HT-400To600,"[400.0, 500.0)","[0.017, 0.018000000000000002)",9,0.00016967213283096994,3.6488571389872495e-09
GJets_DR-0p4_HT-400To600,"[400.0, 500.0)","[0.018000000000000002, 0.019)",1,4.3136886846967641e-06,1.86079100684809e-11
GJets_DR-0p4_HT-400To600,"[400.0, 500.0)","[0.019, 0.02)",1,1.8408252775222063e-05,3.3886377023647077e-10
GJets_DR-0p4_HT-400To600,"[500.0, 600.0)","[0.0, 0.001)",2,2.504822311720494e-05,4.8387045048728284e-10
GJets_DR-0p4_HT-400To600,"[500.0, 600.0)","[0.001, 0.002)",0,,
GJets_DR-0p4_HT-400To600,"[500.0, 600.0)","[0.002, 0.003)",0,,
GJets_DR-0p4_HT-400To600,"[500.0, 600.0)","[0.003, 0.004)",1,2.2020751784020872e-05,4.8491350913345847e-10
GJets_DR-0p4_HT-400To600,"[500.0, 600.0)","[0.004, 0.005)",2,4.3379728896693998e-05,9.412354884668951e-10
GJets_DR-0p4_HT-400To600,"[500.0, 600.0)","[0.005, 0.006)",0,,
GJets_DR-0p4_HT-400To600,"[500.0, 600.0)","[0.006, 0.007)",0,,
GJets_DR-0p4_HT-400To600,"[500.0, 600.0)","[0.007, 0.008)",13,0.00023344028945079879,4.9237345475547637e-09
GJets_DR-0p4_HT-400To600,"[500.0, 600.0)","[0.008, 0.009000000000000001)",314,0.0061046363121510334,1.3020302220217013e-07
GJets_DR-0p4_HT-400To600,"[500.0, 600.0)","[0.009000000000000001, 0.01)",725,0.014321667503889753,3.0706780537764047e-07
GJets_DR-0p4_HT-400To600,"[500.0, 600.0)","[0.01, 0.011)",25,0.00050324821086673648,1.1018423805589436e-08
GJets_DR-0p4_HT-400To600,"[500.0, 600.0)","[0.011, 0.012)",0,,
GJets_DR-0p4_HT-400To600,"[500.0, 600.0)","[0.012, 0.013000000000000001)",2,4.8745829801515825e-05,1.197144988701212e-09
GJets_DR-0p4_HT-400To600,"[500.0, 600.0)","[0.013000000000000001, 0.014)",0,,
GJets_DR-0p4_HT-400To600,"[500.0, 600.0)","[0.014, 0.015)",3,6.035515100057828e-05,1.283621342732983e-09
GJets_DR-0p4_HT-400To600,"[500.0, 600.0)","[0.015, 0.016)",0,,
GJets_DR-0p4_HT-400To600,"[500.0, 600.0)","[0.016, 0.017)",1,2.3031238378455037e-05,5.3043794124522023e-10
GJets_DR-0p4_HT-400To600,"[500.0, 600.0)","[0.017, 0.018000000000000002)",1,2.0068117653648835e-05,4.0272934616069202e-10
GJets_DR-0p4_HT-400To600,"[500.0, 600.0)","[0.018000000000000002, 0.019)",0,,
GJets_DR-0p4_HT-400To600,"[500.0, 600.0)","[0.019, 0.02)",0,,
GJets_DR-0p4_HT-400To600,"[600.0, 1000.0)","[0.0, 0.001)",0,,
GJets_DR-0p4_HT-400To600,"[600.0, 1000.0)","[0.001, 0.002)",0,,
GJets_DR-0p4_HT-400To600,"[600.0, 1000.0)","[0.002, 0.003)",0,,
GJets_DR-0p4_HT-400To600,"[600.0, 1000.0)","[0.003, 0.004)",0,,
GJets_DR-0p4_HT-400To600,"[600.0, 1000.0)","[0.004, 0.005)",0,,
GJets_DR-0p4_HT-400To600,"[600.0, 1000.0)","[0.005, 0.006)",0,,
GJets_DR-0p4_HT-400To600,"[600.0, 1000.0)","[0.006, 0.007)",0,,
GJets_DR-0p4_HT-400To600,"[600.0, 1000.0)","[0.007, 0.008)",0,,
GJets_DR-0p4_HT-400To600,"[600.0, 1000.0)","[0.008, 0.009000000000000001)",5,0.0001095317726438818,2.4140686007090192e-09
GJets_DR-0p4_HT-400To600,"[600.0, 1000.0)","[0.009000000000000001, 0.01)",8,0.00016146631423527054,3.3453815331070073e-09
GJets_DR-0p4_HT-400To600,"[600.0, 1000.0)","[0.01, 0.011)",1,2.1135318612609481e-05,4.4670169285651677e-10
GJets_DR-0p4_HT-400To600,"[600.0, 1000.0)","[0.011, 0.012)",0,,
GJets_DR-0p4_HT-400To600,"[600.0, 1000.0)","[0.012, 0.013000000000000001)",0,,
GJets_DR-0p4_HT-400To600,"[600.0, 1000.0)","[0.013000000000000001, 0.014)",0,,
GJets_DR-0p4_HT-400To600,"[600.0, 1000.0)","[0.014, 0.015)",0,,
GJets_DR-0p4_HT-400To600,"[600.0, 1000.0)","[0.015, 0.016)",0,,
GJets_DR-0p4_HT-400To600,"[600.0, 1000.0)","[0.016, 0.017)",0,,
GJets_DR-0p4_HT-400To600,"[600.0, 1000.0)","[0.017, 0.018000000000000002)",0,,
GJets_DR-0p4_HT-400To600,"[600.0, 1000.0)","[0.018000000000000002, 0.019)",0,,
GJets_DR-0p4_HT-400To600,"[600.0, 1000.0)","[0.019, 0.02)",0,,
GJets_DR-0p4_HT-600ToInf,"[200.0, 250.0)","[0.0, 0.001)",6,4.0466124030936558e-05,2.8011100571952813e-10
GJets_DR-0p4_HT-600ToInf,"[200.0, 250.0)","[0.001, 0.002)",0,,
GJets_DR-0p4_HT-600ToInf,"[200.0, 250.0)","[0.002, 0.003)",3,1.1458071353664074e-05,7.6048510237225465e-11
GJets_DR-0p4_HT-600ToInf,"[200.0, 250.0)","[0.003, 0.004)",2,1.008416280462059e-05,6.0715872062297421e-11
GJets_DR-0p4_HT-600ToInf,"[200.0, 250.0)","[0.004, 0.005)",5,3.5948599507541241e-05,2.6085175699892811e-10
GJets_DR-0p4_HT-600ToInf,"[200.0, 250.0)","[0.005, 0.006)",8,4.8975567539316607e-05,3.4122228505398391e-10
GJets_DR-0p4_HT-600ToInf,"[200.0, 250.0)","[0.006, 0.007)",32,0.0002085975731506668,1.4916470136206486e-09
GJets_DR-0p4_HT-600ToInf,"[200.0, 250.0)","[0.007, 0.008)",257,0.0016742937372338149,1.2195313588132264e-08
GJets_DR-0p4_HT-600ToInf,"[200.0, 250.0)","[0.008, 0.009000000000000001)",4195,0.027435456165706147,1.9880067218715713e-07
GJets_DR-0p4_HT-600ToInf,"[200.0, 250.0)","[0.009000000000000001, 0.01)",8228,0.053800800192974577,3.8926120463635564e-07
GJets_DR-0p4_HT-600ToInf,"[200.0, 250.0)","[0.01, 0.011)",997,0.0064104337358889037,4.630336307871556e-08
GJets_DR-0p4_HT-600ToInf,"[200.0, 250.0)","[0.011, 0.012)",550,0.0035861960450963206,2.5762923246488496e-08
GJets_DR-0p4_HT-600ToInf,"[200.0, 250.0)","[0.012, 0.013000000000000001)",461,0.002983959693260492,2.1321820622245633e-08
GJets_DR-0p4_HT-600ToInf,"[200.0, 250.0)","[0.013000000000000001, 0.014)",355,0.0022476768578102925,1.6114837276528934e-08
GJets_DR-0p4_HT-600ToInf,"[200.0, 250.0)","[0.014, 0.015)",281,0.0018225865898462148,1.3050366829136835e-08
GJets_DR-0p4_HT-600ToInf,"[200.0, 250.0)","[0.015, 0.016)",185,0.0011642073037413721,8.3953920416700101e-09
GJets_DR-0p4_HT-600ToInf,"[200.0, 250.0)","[0.016, 0.017)",146,0.00092331571505939805,6.5905568830174794e-09
GJets_DR-0p4_HT-600ToInf,"[200.0, 250.0)","[0.017, 0.018000000000000002)",84,0.00055769923720977476,4.0557948031654564e-09
GJets_DR-0p4_HT-600ToInf,"[200.0, 250.0)","[0.018000000000000002, 0.019)",50,0.00033148448500076118,2.3663819439753393e-09
GJets_DR-0p4_HT-600ToInf,"[200.0, 250.0)","[0.019, 0.02)",31,0.00021378338281185456,1.5059865188175932e-09
GJets_DR-0p4_HT-600ToInf,"[250.0, 300.0)","[0.0, 0.001)",8,4.9838351274074091e-05,3.574180309630454e-10
GJets_DR-0p4_HT-600ToInf,"[250.0, 300.0)","[0.001, 0.002)",2,1.5377710865109177e-05,1.1826730355737161e-10
GJets_DR-0p4_HT-600ToInf,"[250.0, 300.0)","[0.002, 0.003)",6,4.4449850052209714e-05,3.3075478617024621e-10
GJets_DR-0p4_HT-600ToInf,"[250.0, 300.0)","[0.003, 0.004)",4,2.3144756770120501e-05,1.7987588823096926e-10
GJets_DR-0p4_HT-600ToInf,"[250.0, 300.0)","[0.004, 0.005)",10,6.9233723603575231e-05,5.3452557490934612e-10
GJets_DR-0p4_HT-600ToInf,"[250.0, 300.0)","[0.005, 0.006)",4,2.7508034828709454e-05,1.948709263272965e-10
GJets_DR-0p4_HT-600ToInf,"[250.0, 300.0)","[0.006, 0.007)",33,0.00023647635684102483,1.7506025315312497e-09
GJets_DR-0p4_HT-600ToInf,"[250.0, 300.0)","[0.007, 0.008)",404,0.0026585164835259516,1.9283294381300189e-08
GJets_DR-0p4_HT-600ToInf,"[250.0, 300.0)","[0.008, 0.009000000000000001)",7239,0.047416003079491058,3.4359514378740245e-07
GJets_DR-0p4_HT-600ToInf,"[250.0, 300.0)","[0.009000000000000001, 0.01)",14645,0.095911204173169576,6.9520969791914071e-07
GJets_DR-0p4_HT-600ToInf,"[250.0, 300.0)","[0.01, 0.011)",1730,0.011169819413831068,8.0595924718212687e-08
GJets_DR-0p4_HT-600ToInf,"[250.0, 300.0)","[0.011, 0.012)",1213,0.0078322164701766315,5.6125569599052869e-08
GJets_DR-0p4_HT-600ToInf,"[250.0, 300.0)","[0.012, 0.013000000000000001)",919,0.0059183470637455523,4.24115461754699e-08
GJets_DR-0p4_HT-600ToInf,"[250.0, 300.0)","[0.013000000000000001, 0.014)",687,0.004472091018360505,3.2185073539769125e-08
GJets_DR-0p4_HT-600ToInf,"[250.0, 300.0)","[0.014, 0.015)",551,0.0034079366774333337,2.4315830618632203e-08
GJets_DR-0p4_HT-600ToInf,"[250.0, 300.0)","[0.015, 0.016)",352,0.0023340790461695831,1.6794618431969462e-08
GJets_DR-0p4_HT-600ToInf,"[250.0, 300.0)","[0.016, 0.017)",271,0.0017776277373187607,1.2692253531512006e-08
GJets_DR-0p4_HT-600ToInf,"[250.0, 300.0)","[0.017, 0.018000000000000002)",149,0.00097834004869447192,7.1287006451576369e-09
GJets_DR-0p4_HT-600ToInf,"[250.0, 300.0)","[0.018000000000000002, 0.019)",69,0.00046118885249043942,3.3245850033497387e-09
GJets_DR-0p4_HT-600ToInf,"[250.0, 300.0)","[0.019, 0.02)",45,0.000299230644626628,2.2011566239930284e-09
GJets_DR-0p4_HT-600ToInf,"[300.0, 400.0)","[0.0, 0.001)",4,3.1361597932871049e-05,2.4635195091733361e-10
GJets_DR-0p4_HT-600ToInf,"[300.0, 400.0)","[0.001, 0.002)",3,2.2622799257085521e-05,1.7104946159742532e-10
GJets_DR-0p4_HT-600ToInf,"[300.0, 400.0)","[0.002, 0.003)",6,3.5089993729743758e-05,2.4854331613816969e-10
GJets_DR-0p4_HT-600ToInf,"[300.0, 400.0)","[0.003, 0.004)",13,9.4825793249521097e-05,6.932223668807283e-10
GJets_DR-0p4_HT-600ToInf,"[300.0, 400.0)","[0.004, 0.005)",5,3.5658138536691311e-05,2.5712403056581211e-10
GJets_DR-0p4_HT-600ToInf,"[300.0, 400.0)","[0.005, 0.006)",16,0.0001140603114330817,8.4587770915665402e-10
GJets_DR-0p4_HT-600ToInf,"[300.0, 400.0)","[0.006, 0.007)",20,0.00012837166993568663,9.2321888562347636e-10
GJets_DR-0p4_HT-600ToInf,"[300.0, 400.0)","[0.007, 0.008)",311,0.001994972673429875,1.4416587424912513e-08
GJets_DR-0p4_HT-600ToInf,"[300.0, 400.0)","[0.008, 0.009000000000000001)",7325,0.047985544298768321,3.483634474632963e-07
GJets_DR-0p4_HT-600ToInf,"[300.0, 400.0)","[0.009000000000000001, 0.01)",15906,0.10440020289857929,7.5849053116316002e-07
GJets_DR-0p4_HT-600ToInf,"[300.0, 400.0)","[0.01, 0.011)",1552,0.010083579247091336,7.3163725089762716e-08
GJets_DR-0p4_HT-600ToInf,"[300.0, 400.0)","[0.011, 0.012)",1054,0.0068968292429685395,4.9500472715474806e-08
GJets_DR-0p4_HT-600ToInf,"[300.0, 400.0)","[0.012, 0.013000000000000001)",1049,0.006624648432534878,4.7494107088279705e-08
GJets_DR-0p4_HT-600ToInf,"[300.0, 400.0)","[0.013000000000000001, 0.014)",866,0.00550566164266331,3.9688682031980672e-08
GJets_DR-0p4_HT-600ToInf,"[300.0, 400.0)","[0.014, 0.015)",648,0.0041642867694957914,2.9955685695321243e-08
GJets_DR-0p4_HT-600ToInf,"[300.0, 400.0)","[0.015, 0.016)",453,0.0028898771783733269,2.0719517000983039e-08
GJets_DR-0p4_HT-600ToInf,"[300.0, 400.0)","[0.016, 0.017)",284,0.0018519518938041925,1.3311076264892879e-08
GJets_DR-0p4_HT-600ToInf,"[300.0, 400.0)","[0.017, 0.018000000000000002)",176,0.0011263958997215959,8.1264554866127178e-09
GJets_DR-0p4_HT-600ToInf,"[300.0, 400.0)","[0.018000000000000002, 0.019)",96,0.00062222488327145283,4.5051758606175202e-09
GJets_DR-0p4_HT-600ToInf,"[300.0, 400.0)","[0.019, 0.02)",42,0.00024920508665143642,1.7451314039439638e-09
GJets_DR-0p4_HT-600ToInf,"[400.0, 500.0)","[0.0, 0.001)",2,1.4765480948818011e-05,1.0902720620954916e-10
GJets_DR-0p4_HT-600ToInf,"[400.0, 500.0)","[0.001, 0.002)",1,5.3667344242968223e-07,2.8801838380932543e-13
GJets_DR-0p4_HT-600ToInf,"[400.0, 500.0)","[0.002, 0.003)",2,1.3568434845128336e-05,9.6307787065256418e-11
GJets_DR-0p4_HT-600ToInf,"[400.0, 500.0)","[0.003, 0.004)",1,7.2313389915491232e-06,5.2292263610698692e-11
GJets_DR-0p4_HT-600ToInf,"[400.0, 500.0)","[0.004, 0.005)",6,3.8701137805154123e-05,2.6785249286217312e-10
GJets_DR-0p4_HT-600ToInf,"[400.0, 500.0)","[0.005, 0.006)",7,4.6365972827372723e-05,3.2064695317781903e-10
GJets_DR-0p4_HT-600ToInf,"[400.0, 500.0)","[0.006, 0.007)",14,9.0213355501967814e-05,6.3455511053761907e-10
GJets_DR-0p4_HT-600ToInf,"[400.0, 500.0)","[0.007, 0.008)",102,0.00066326199458890175,4.7933995819554473e-09
GJets_DR-0p4_HT-600ToInf,"[400.0, 500.0)","[0.008, 0.009000000000000001)",3310,0.02193120567844695,1.6006062494158687e-07
GJets_DR-0p4_HT-600ToInf,"[400.0, 500.0)","[0.009000000000000001, 0.01)",7592,0.050045254924566053,3.6507660835383326e-07
GJets_DR-0p4_HT-600ToInf,"[400.0, 500.0)","[0.01, 0.011)",544,0.0035877518053638226,2.6284653668573576e-08
GJets_DR-0p4_HT-600ToInf,"[400.0, 500.0)","[0.011, 0.012)",289,0.0019342509513465217,1.4123409630495785e-08
GJets_DR-0p4_HT-600ToInf,"[400.0, 500.0)","[0.012, 0.013000000000000001)",326,0.0021750502006439723,1.5869712487500866e-08
GJets_DR-0p4_HT-600ToInf,"[400.0, 500.0)","[0.013000000000000001, 0.014)",290,0.001883369629241757,1.3576037830262415e-08
GJets_DR-0p4_HT-600ToInf,"[400.0, 500.0)","[0.014, 0.015)",235,0.0014901431066287013,1.0664876083280483e-08
GJets_DR-0p4_HT-600ToInf,"[400.0, 500.0)","[0.015, 0.016)",170,0.0011186638289484884,7.997393223285207e-09
GJets_DR-0p4_HT-600ToInf,"[400.0, 500.0)","[0.016, 0.017)",118,0.00075572481669737318,5.483527053251414e-09
GJets_DR-0p4_HT-600ToInf,"[400.0, 500.0)","[0.017, 0.018000000000000002)",50,0.00033014332482042243,2.3299617599329658e-09
GJets_DR-0p4_HT-600ToInf,"[400.0, 500.0)","[0.018000000000000002, 0.019)",30,0.00019499823757264566,1.3699122473066234e-09
GJets_DR-0p4_HT-600ToInf,"[400.0, 500.0)","[0.019, 0.02)",9,6.5542224828297991e-05,4.8114699500047345e-10
GJets_DR-0p4_HT-600ToInf,"[500.0, 600.0)","[0.0, 0.001)",0,,
GJets_DR-0p4_HT-600ToInf,"[500.0, 600.0)","[0.001, 0.002)",1,8.3899099771218533e-06,7.0390589424208823e-11
GJets_DR-0p4_HT-600ToInf,"[500.0, 600.0)","[0.002, 0.003)",0,,
GJets_DR-0p4_HT-600ToInf,"[500.0, 600.0)","[0.003, 0.004)",2,1.5981990129836696e-05,1.2896556603325202e-10
GJets_DR-0p4_HT-600ToInf,"[500.0, 600.0)","[0.004, 0.005)",3,2.0026040292794005e-05,1.3747351739876813e-10
GJets_DR-0p4_HT-600ToInf,"[500.0, 600.0)","[0.005, 0.006)",2,1.38558424328278e-05,9.7978095762212218e-11
GJets_DR-0p4_HT-600ToInf,"[500.0, 600.0)","[0.006, 0.007)",8,5.8210953014148066e-05,4.2425907632327459e-10
GJets_DR-0p4_HT-600ToInf,"[500.0, 600.0)","[0.007, 0.008)",47,0.00031201796358729881,2.2423951186567069e-09
GJets_DR-0p4_HT-600ToInf,"[500.0, 600.0)","[0.008, 0.009000000000000001)",1856,0.012260708738659564,8.9431009002027223e-08
GJets_DR-0p4_HT-600ToInf,"[500.0, 600.0)","[0.009000000000000001, 0.01)",4431,0.029516183488544696,2.1568395566662751e-07
GJets_DR-0p4_HT-600ToInf,"[500.0, 600.0)","[0.01, 0.011)",234,0.0015590314220817051,1.1430310964717008e-08
GJets_DR-0p4_HT-600ToInf,"[500.0, 600.0)","[0.011, 0.012)",102,0.00065205980040356154,4.7684512410025083e-09
GJets_DR-0p4_HT-600ToInf,"[500.0, 600.0)","[0.012, 0.013000000000000001)",100,0.00068134089589243544,4.9414708995894361e-09
GJets_DR-0p4_HT-600ToInf,"[500.0, 600.0)","[0.013000000000000001, 0.014)",80,0.0005269085296415191,3.7596672021487117e-09
GJets_DR-0p4_HT-600ToInf,"[500.0, 600.0)","[0.014, 0.015)",82,0.00051758819031041026,3.7094370109941285e-09
GJets_DR-0p4_HT-600ToInf,"[500.0, 600.0)","[0.015, 0.016)",43,0.00026051971843295328,1.8740895962097405e-09
GJets_DR-0p4_HT-600ToInf,"[500.0, 600.0)","[0.016, 0.017)",36,0.00022121514602436499,1.6014855377016721e-09
GJets_DR-0p4_HT-600ToInf,"[500.0, 600.0)","[0.017, 0.018000000000000002)",16,0.00010980169135403816,7.7460067208154839e-10
GJets_DR-0p4_HT-600ToInf,"[500.0, 600.0)","[0.018000000000000002, 0.019)",9,5.9270044359506743e-05,4.1929110605622668e-10
GJets_DR-0p4_HT-600ToInf,"[500.0, 600.0)","[0.019, 0.02)",4,2.473209861809504e-05,1.6374963370451649e-10
GJets_DR-0p4_HT-600ToInf,"[600.0, 1000.0)","[0.0, 0.001)",1,5.1794234900708177e-08,2.6826427689497371e-15
GJets_DR-0p4_HT-600ToInf,"[600.0, 1000.0)","[0.001, 0.002)",0,,
GJets_DR-0p4_HT-600ToInf,"[600.0, 1000.0)","[0.002, 0.003)",2,1.2672440545083703e-05,8.2236962374013316e-11
GJets_DR-0p4_HT-600ToInf,"[600.0, 1000.0)","[0.003, 0.004)",2,1.4874851488537313e-05,1.1063991797105403e-10
GJets_DR-0p4_HT-600ToInf,"[600.0, 1000.0)","[0.004, 0.005)",2,1.5442561155602392e-05,1.1923636765858274e-10
GJets_DR-0p4_HT-600ToInf,"[600.0, 1000.0)","[0.005, 0.006)",1,7.3289803017409125e-06,5.3713952263306318e-11
GJets_DR-0p4_HT-600ToInf,"[600.0, 1000.0)","[0.006, 0.007)",2,7.2422935958453802e-06,5.2363406441307024e-11
GJets_DR-0p4_HT-600ToInf,"[600.0, 1000.0)","[0.007, 0.008)",32,0.00023496276466682884,1.7663471875589657e-09
GJets_DR-0p4_HT-600ToInf,"[600.0, 1000.0)","[0.008, 0.009000000000000001)",1608,0.010764486847330989,7.895842177071646e-08
GJets_DR-0p4_HT-600ToInf,"[600.0, 1000.0)","[0.009000000000000001, 0.01)",4058,0.027186116905575101,1.9907637995549589e-07
GJets_DR-0p4_HT-600ToInf,"[600.0, 1000.0)","[0.01, 0.011)",159,0.0010481299210906073,7.6164584106120249e-09
GJets_DR-0p4_HT-600ToInf,"[600.0, 1000.0)","[0.011, 0.012)",48,0.00031545511823981992,2.3104258781297687e-09
GJets_DR-0p4_HT-600ToInf,"[600.0, 1000.0)","[0.012, 0.013000000000000001)",61,0.00039070395606746603,2.8576855608823002e-09
GJets_DR-0p4_HT-600ToInf,"[600.0, 1000.0)","[0.013000000000000001, 0.014)",48,0.00031570136275433427,2.3060061495532517e-09
GJets_DR-0p4_HT-600ToInf,"[600.0, 1000.0)","[0.014, 0.015)",27,0.00019565865988308462,1.4567127084160104e-09
GJets_DR-0p4_HT-600ToInf,"[600.0, 1000.0)","[0.015, 0.016)",14,0.00010459335012458711,7.9105810078281858e-10
GJets_DR-0p4_HT-600ToInf,"[600.0, 1000.0)","[0.016, 0.017)",10,6.6614408748643571e-05,4.7293153404529673e-10
GJets_DR-0p4_HT-600ToInf,"[600.0, 1000.0)","[0.017, 0.018000000000000002)",8,4.9991758237565199e-05,3.519744685038552e-10
GJets_DR-0p4_HT-600ToInf,"[600.0, 1000.0)","[0.018000000000000002, 0.019)",2,1.4993246081522547e-05,1.1253643891712105e-10
GJets_DR-0p4_HT-600ToInf,"[600.0, 1000.0)","[0.019, 0.02)",0,,
SinglePhoton_Run2016B,"[200.0, 250.0)","[0.0, 0.001)",0,,
SinglePhoton_Run2016B,"[200.0, 250.0)","[0.001, 0.002)",0,,
SinglePhoton_Run2016B,"[200.0, 250.0)","[0.002, 0.003)",0,,
SinglePhoton_Run2016B,"[200.0, 250.0)","[0.003, 0.004)",3,,
SinglePhoton_Run2016B,"[200.0, 250.0)","[0.004, 0.005)",5,,
SinglePhoton_Run2016B,"[200.0, 250.0)","[0.005, 0.006)",8,,
SinglePhoton_Run2016B,"[200.0, 250.0)","[0.006, 0.007)",77,,
SinglePhoton_Run2016B,"[200.0, 250.0)","[0.007, 0.008)",921,,
SinglePhoton_Run2016B,"[200.0, 250.0)","[0.008, 0.009000000000000001)",10987,,
SinglePhoton_Run2016B,"[200.0, 250.0)","[0.009000000000000001, 0.01)",17261,,
SinglePhoton_Run2016B,"[200.0, 250.0)","[0.01, 0.011)",11558,,
SinglePhoton_Run2016B,"[200.0, 250.0)","[0.011, 0.012)",11028,,
SinglePhoton_Run2016B,"[200.0, 250.0)","[0.012, 0.013000000000000001)",7896,,
SinglePhoton_Run2016B,"[200.0, 250.0)","[0.013000000000000001, 0.014)",4960,,
SinglePhoton_Run2016B,"[200.0, 250.0)","[0.014, 0.015)",2999,,
SinglePhoton_Run2016B,"[200.0, 250.0)","[0.015, 0.016)",1621,,
SinglePhoton_Run2016B,"[200.0, 250.0)","[0.016, 0.017)",884,,
SinglePhoton_Run2016B,"[200.0, 250.0)","[0.017, 0.018000000000000002)",450,,
SinglePhoton_Run2016B,"[200.0, 250.0)","[0.018000000000000002, 0.019)",216,,
SinglePhoton_Run2016B,"[200.0, 250.0)","[0.019, 0.02)",99,,
SinglePhoton_Run2016B,"[250.0, 300.0)","[0.0, 0.001)",1,,
SinglePhoton_Run2016B,"[250.0, 300.0)","[0.001, 0.002)",0,,
SinglePhoton_Run2016B,"[250.0, 300.0)","[0.002, 0.003)",2,,
SinglePhoton_Run2016B,"[250.0, 300.0)","[0.003, 0.004)",4,,
SinglePhoton_Run2016B,"[250.0, 300.0)","[0.004, 0.005)",7,,
SinglePhoton_Run2016B,"[250.0, 300.0)","[0.005, 0.006)",12,,
SinglePhoton_Run2016B,"[250.0, 300.0)","[0.006, 0.007)",82,,
SinglePhoton_Run2016B,"[250.0, 300.0)","[0.007, 0.008)",861,,
SinglePhoton_Run2016B,"[250.0, 300.0)","[0.008, 0.009000000000000001)",13098,,
SinglePhoton_Run2016B,"[250.0, 300.0)","[0.009000000000000001, 0.01)",21268,,
SinglePhoton_Run2016B,"[250.0, 300.0)","[0.01, 0.011)",14187,,
SinglePhoton_Run2016B,"[250.0, 300.0)","[0.011, 0.012)",17088,,
SinglePhoton_Run2016B,"[250.0, 300.0)","[0.012, 0.013000000000000001)",15870,,
SinglePhoton_Run2016B,"[250.0, 300.0)","[0.013000000000000001, 0.014)",11361,,
SinglePhoton_Run2016B,"[250.0, 300.0)","[0.014, 0.015)",7115,,
SinglePhoton_Run2016B,"[250.0, 300.0)","[0.015, 0.016)",4177,,
SinglePhoton_Run2016B,"[250.0, 300.0)","[0.016, 0.017)",2044,,
SinglePhoton_Run2016B,"[250.0, 300.0)","[0.017, 0.018000000000000002)",1033,,
SinglePhoton_Run2016B,"[250.0, 300.0)","[0.018000000000000002, 0.019)",499,,
SinglePhoton_Run2016B,"[250.0, 300.0)","[0.019, 0.02)",217,,
SinglePhoton_Run2016B,"[300.0, 400.0)","[0.0, 0.001)",1,,
SinglePhoton_Run2016B,"[300.0, 400.0)","[0.001, 0.002)",2,,
SinglePhoton_Run2016B,"[300.0, 400.0)","[0.002, 0.003)",1,,
SinglePhoton_Run2016B,"[300.0, 400.0)","[0.003, 0.004)",4,,
SinglePhoton_Run2016B,"[300.0, 400.0)","[0.004, 0.005)",5,,
SinglePhoton_Run2016B,"[300.0, 400.0)","[0.005, 0.006)",6,,
SinglePhoton_Run2016B,"[300.0, 400.0)","[0.006, 0.007)",29,,
SinglePhoton_Run2016B,"[300.0, 400.0)","[0.007, 0.008)",391,,
SinglePhoton_Run2016B,"[300.0, 400.0)","[0.008, 0.009000000000000001)",6852,,
SinglePhoton_Run2016B,"[300.0, 400.0)","[0.009000000000000001, 0.01)",11511,,
SinglePhoton_Run2016B,"[300.0, 400.0)","[0.01, 0.011)",7273,,
SinglePhoton_Run2016B,"[300.0, 400.0)","[0.011, 0.012)",10329,,
SinglePhoton_Run2016B,"[300.0, 400.0)","[0.012, 0.013000000000000001)",15001,,
SinglePhoton_Run2016B,"[300.0, 400.0)","[0.013000000000000001, 0.014)",14256,,
SinglePhoton_Run2016B,"[300.0, 400.0)","[0.014, 0.015)",10511,,
SinglePhoton_Run2016B,"[300.0, 400.0)","[0.015, 0.016)",7374,,
SinglePhoton_Run2016B,"[300.0, 400.0)","[0.016, 0.017)",4515,,
SinglePhoton_Run2016B,"[300.0, 400.0)","[0.017, 0.018000000000000002)",2265,,
SinglePhoton_Run2016B,"[300.0, 400.0)","[0.018000000000000002, 0.019)",1016,,
SinglePhoton_Run2016B,"[300.0, 400.0)","[0.019, 0.02)",433,,
SinglePhoton_Run2016B,"[400.0, 500.0)","[0.0, 0.001)",1,,
SinglePhoton_Run2016B,"[400.0, 500.0)","[0.001, 0.002)",0,,
SinglePhoton_Run2016B,"[400.0, 500.0)","[0.002, 0.003)",0,,
SinglePhoton_Run2016B,"[400.0, 500.0)","[0.003, 0.004)",0,,
SinglePhoton_Run2016B,"[400.0, 500.0)","[0.004, 0.005)",0,,
SinglePhoton_Run2016B,"[400.0, 500.0)","[0.005, 0.006)",0,,
SinglePhoton_Run2016B,"[400.0, 500.0)","[0.006, 0.007)",6,,
SinglePhoton_Run2016B,"[400.0, 500.0)","[0.007, 0.008)",59,,
SinglePhoton_Run2016B,"[400.0, 500.0)","[0.008, 0.009000000000000001)",1354,,
SinglePhoton_Run2016B,"[400.0, 500.0)","[0.009000000000000001, 0.01)",2298,,
SinglePhoton_Run2016B,"[400.0, 500.0)","[0.01, 0.011)",1271,,
SinglePhoton_Run2016B,"[400.0, 500.0)","[0.011, 0.012)",1823,,
SinglePhoton_Run2016B,"[400.0, 500.0)","[0.012, 0.013000000000000001)",2851,,
SinglePhoton_Run2016B,"[400.0, 500.0)","[0.013000000000000001, 0.014)",2918,,
SinglePhoton_Run2016B,"[400.0, 500.0)","[0.014, 0.015)",2316,,
SinglePhoton_Run2016B,"[400.0, 500.0)","[0.015, 0.016)",1663,,
SinglePhoton_Run2016B,"[400.0, 500.0)","[0.016, 0.017)",1080,,
SinglePhoton_Run2016B,"[400.0, 500.0)","[0.017, 0.018000000000000002)",570,,
SinglePhoton_Run2016B,"[400.0, 500.0)","[0.018000000000000002, 0.019)",235,,
SinglePhoton_Run2016B,"[400.0, 500.0)","[0.019, 0.02)",103,,
SinglePhoton_Run2016B,"[500.0, 600.0)","[0.0, 0.001)",0,,
SinglePhoton_Run2016B,"[500.0, 600.0)","[0.001, 0.002)",0,,
SinglePhoton_Run2016B,"[500.0, 600.0)","[0.002, 0.003)",0,,
SinglePhoton_Run2016B,"[500.0, 600.0)","[0.003, 0.004)",1,,
SinglePhoton_Run2016B,"[500.0, 600.0)","[0.004, 0.005)",0,,
SinglePhoton_Run2016B,"[500.0, 600.0)","[0.005, 0.006)",0,,
SinglePhoton_Run2016B,"[500.0, 600.0)","[0.006, 0.007)",1,,
SinglePhoton_Run2016B,"[500.0, 600.0)","[0.007, 0.008)",13,,
SinglePhoton_Run2016B,"[500.0, 600.0)","[0.008, 0.009000000000000001)",326,,
SinglePhoton_Run2016B,"[500.0, 600.0)","[0.009000000000000001, 0.01)",647,,
SinglePhoton_Run2016B,"[500.0, 600.0)","[0.01, 0.011)",275,,
SinglePhoton_Run2016B,"[500.0, 600.0)","[0.011, 0.012)",348,,
SinglePhoton_Run2016B,"[500.0, 600.0)","[0.012, 0.013000000000000001)",551,,
SinglePhoton_Run2016B,"[500.0, 600.0)","[0.013000000000000001, 0.014)",578,,
SinglePhoton_Run2016B,"[500.0, 600.0)","[0.014, 0.015)",465,,
SinglePhoton_Run2016B,"[500.0, 600.0)","[0.015, 0.016)",334,,
SinglePhoton_Run2016B,"[500.0, 600.0)","[0.016, 0.017)",183,,
SinglePhoton_Run2016B,"[500.0, 600.0)","[0.017, 0.018000000000000002)",101,,
SinglePhoton_Run2016B,"[500.0, 600.0)","[0.018000000000000002, 0.019)",39,,
SinglePhoton_Run2016B,"[500.0, 600.0)","[0.019, 0.02)",17,,
SinglePhoton_Run2016B,"[600.0, 1000.0)","[0.0, 0.001)",0,,
SinglePhoton_Run2016B,"[600.0, 1000.0)","[0.001, 0.002)",0,,
SinglePhoton_Run2016B,"[600.0, 1000.0)","[0.002, 0.003)",0,,
SinglePhoton_Run2016B,"[600.0, 1000.0)","[0.003, 0.004)",0,,
SinglePhoton_Run2016B,"[600.0, 1000.0)","[0.004, 0.005)",0,,
SinglePhoton_Run2016B,"[600.0, 1000.0)","[0.005, 0.006)",0,,
SinglePhoton_Run2016B,"[600.0, 1000.0)","[0.006, 0.007)",1,,
SinglePhoton_Run2016B,"[600.0, 1000.0)","[0.007, 0.008)",5,,
SinglePhoton_Run2016B,"[600.0, 1000.0)","[0.008, 0.009000000000000001)",135,,
SinglePhoton_Run2016B,"[600.0, 1000.0)","[0.009000000000000001, 0.01)",314,,
SinglePhoton_Run2016B,"[600.0, 1000.0)","[0.01, 0.011)",94,,
SinglePhoton_Run2016B,"[600.0, 1000.0)","[0.011, 0.012)",129,,
SinglePhoton_Run2016B,"[600.0, 1000.0)","[0.012, 0.013000000000000001)",207,,
SinglePhoton_Run2016B,"[600.0, 1000.0)","[0.013000000000000001, 0.014)",205,,
SinglePhoton_Run2016B,"[600.0, 1000.0)","[0.014, 0.015)",156,,
SinglePhoton_Run2016B,"[600.0, 1000.0)","[0.015, 0.016)",102,,
SinglePhoton_Run2016B,"[600.0, 1000.0)","[0.016, 0.017)",39,,
SinglePhoton_Run2016B,"[600.0, 1000.0)","[0.017, 0.018000000000000002)",25,,
SinglePhoton_Run2016B,"[600.0, 1000.0)","[0.018000000000000002, 0.019)",12,,
SinglePhoton_Run2016B,"[600.0, 1000.0)","[0.019, 0.02)",2,,
SinglePhoton_Run2016C,"[200.0, 250.0)","[0.0, 0.001)",1,,
SinglePhoton_Run2016C,"[200.0, 250.0)","[0.001, 0.002)",0,,
SinglePhoton_Run2016C,"[200.0, 250.0)","[0.002, 0.003)",1,,
SinglePhoton_Run2016C,"[200.0, 250.0)","[0.003, 0.004)",1,,
SinglePhoton_Run2016C,"[200.0, 250.0)","[0.004, 0.005)",3,,
SinglePhoton_Run2016C,"[200.0, 250.0)","[0.005, 0.006)",7,,
SinglePhoton_Run2016C,"[200.0, 250.0)","[0.006, 0.007)",36,,
SinglePhoton_Run2016C,"[200.0, 250.0)","[0.007, 0.008)",392,,
SinglePhoton_Run2016C,"[200.0, 250.0)","[0.008, 0.009000000000000001)",4782,,
SinglePhoton_Run2016C,"[200.0, 250.0)","[0.009000000000000001, 0.01)",7694,,
SinglePhoton_Run2016C,"[200.0, 250.0)","[0.01, 0.011)",5158,,
SinglePhoton_Run2016C,"[200.0, 250.0)","[0.011, 0.012)",4988,,
SinglePhoton_Run2016C,"[200.0, 250.0)","[0.012, 0.013000000000000001)",3670,,
SinglePhoton_Run2016C,"[200.0, 250.0)","[0.013000000000000001, 0.014)",2343,,
SinglePhoton_Run2016C,"[200.0, 250.0)","[0.014, 0.015)",1338,,
SinglePhoton_Run2016C,"[200.0, 250.0)","[0.015, 0.016)",729,,
SinglePhoton_Run2016C,"[200.0, 250.0)","[0.016, 0.017)",433,,
SinglePhoton_Run2016C,"[200.0, 250.0)","[0.017, 0.018000000000000002)",215,,
SinglePhoton_Run2016C,"[200.0, 250.0)","[0.018000000000000002, 0.019)",117,,
SinglePhoton_Run2016C,"[200.0, 250.0)","[0.019, 0.02)",46,,
SinglePhoton_Run2016C,"[250.0, 300.0)","[0.0, 0.001)",0,,
SinglePhoton_Run2016C,"[250.0, 300.0)","[0.001, 0.002)",1,,
SinglePhoton_Run2016C,"[250.0, 300.0)","[0.002, 0.003)",0,,
SinglePhoton_Run2016C,"[250.0, 300.0)","[0.003, 0.004)",4,,
SinglePhoton_Run2016C,"[250.0, 300.0)","[0.004, 0.005)",2,,
SinglePhoton_Run2016C,"[250.0, 300.0)","[0.005, 0.006)",5,,
SinglePhoton_Run2016C,"[250.0, 300.0)","[0.006, 0.007)",30,,
SinglePhoton_Run2016C,"[250.0, 300.0)","[0.007, 0.008)",419,,
SinglePhoton_Run2016C,"[250.0, 300.0)","[0.008, 0.009000000000000001)",5809,,
SinglePhoton_Run2016C,"[250.0, 300.0)","[0.009000000000000001, 0.01)",9355,,
SinglePhoton_Run2016C,"[250.0, 300.0)","[0.01, 0.011)",6321,,
SinglePhoton_Run2016C,"[250.0, 300.0)","[0.011, 0.012)",7637,,
SinglePhoton_Run2016C,"[250.0, 300.0)","[0.012, 0.013000000000000001)",7072,,
SinglePhoton_Run2016C,"[250.0, 300.0)","[0.013000000000000001, 0.014)",5173,,
SinglePhoton_Run2016C,"[250.0, 300.0)","[0.014, 0.015)",3283,,
SinglePhoton_Run2016C,"[250.0, 300.0)","[0.015, 0.016)",1891,,
SinglePhoton_Run2016C,"[250.0, 300.0)","[0.016, 0.017)",995,,
SinglePhoton_Run2016C,"[250.0, 300.0)","[0.017, 0.018000000000000002)",471,,
SinglePhoton_Run2016C,"[250.0, 300.0)","[0.018000000000000002, 0.019)",231,,
SinglePhoton_Run2016C,"[250.0, 300.0)","[0.019, 0.02)",107,,
SinglePhoton_Run2016C,"[300.0, 400.0)","[0.0, 0.001)",0,,
SinglePhoton_Run2016C,"[300.0, 400.0)","[0.001, 0.002)",0,,
SinglePhoton_Run2016C,"[300.0, 400.0)","[0.002, 0.003)",1,,
SinglePhoton_Run2016C,"[300.0, 400.0)","[0.003, 0.004)",1,,
SinglePhoton_Run2016C,"[300.0, 400.0)","[0.004, 0.005)",2,,
SinglePhoton_Run2016C,"[300.0, 400.0)","[0.005, 0.006)",2,,
SinglePhoton_Run2016C,"[300.0, 400.0)","[0.006, 0.007)",15,,
SinglePhoton_Run2016C,"[300.0, 400.0)","[0.007, 0.008)",158,,
SinglePhoton_Run2016C,"[300.0, 400.0)","[0.008, 0.009000000000000001)",2997,,
SinglePhoton_Run2016C,"[300.0, 400.0)","[0.009000000000000001, 0.01)",5116,,
SinglePhoton_Run2016C,"[300.0, 400.0)","[0.01, 0.011)",3227,,
SinglePhoton_Run2016C,"[300.0, 400.0)","[0.011, 0.012)",4658,,
SinglePhoton_Run2016C,"[300.0, 400.0)","[0.012, 0.013000000000000001)",6597,,
SinglePhoton_Run2016C,"[300.0, 400.0)","[0.013000000000000001, 0.014)",6364,,
SinglePhoton_Run2016C,"[300.0, 400.0)","[0.014, 0.015)",4773,,
SinglePhoton_Run2016C,"[300.0, 400.0)","[0.015, 0.016)",3340,,
SinglePhoton_Run2016C,"[300.0, 400.0)","[0.016, 0.017)",2028,,
SinglePhoton_Run2016C,"[300.0, 400.0)","[0.017, 0.018000000000000002)",1066,,
SinglePhoton_Run2016C,"[300.0, 400.0)","[0.018000000000000002, 0.019)",464,,
SinglePhoton_Run2016C,"[300.0, 400.0)","[0.019, 0.02)",197,,
SinglePhoton_Run2016C,"[400.0, 500.0)","[0.0, 0.001)",0,,
SinglePhoton_Run2016C,"[400.0, 500.0)","[0.001, 0.002)",0,,
SinglePhoton_Run2016C,"[400.0, 500.0)","[0.002, 0.003)",0,,
SinglePhoton_Run2016C,"[400.0, 500.0)","[0.003, 0.004)",0,,
SinglePhoton_Run2016C,"[400.0, 500.0)","[0.004, 0.005)",0,,
SinglePhoton_Run2016C,"[400.0, 500.0)","[0.005, 0.006)",0,,
SinglePhoton_Run2016C,"[400.0, 500.0)","[0.006, 0.007)",3,,
SinglePhoton_Run2016C,"[400.0, 500.0)","[0.007, 0.008)",30,,
SinglePhoton_Run2016C,"[400.0, 500.0)","[0.008, 0.009000000000000001)",603,,
SinglePhoton_Run2016C,"[400.0, 500.0)","[0.009000000000000001, 0.01)",1003,,
SinglePhoton_Run2016C,"[400.0, 500.0)","[0.01, 0.011)",512,,
SinglePhoton_Run2016C,"[400.0, 500.0)","[0.011, 0.012)",815,,
SinglePhoton_Run2016C,"[400.0, 500.0)","[0.012, 0.013000000000000001)",1265,,
SinglePhoton_Run2016C,"[400.0, 500.0)","[0.013000000000000001, 0.014)",1312,,
SinglePhoton_Run2016C,"[400.0, 500.0)","[0.014, 0.015)",1006,,
SinglePhoton_Run2016C,"[400.0, 500.0)","[0.015, 0.016)",727,,
SinglePhoton_Run2016C,"[400.0, 500.0)","[0.016, 0.017)",453,,
SinglePhoton_Run2016C,"[400.0, 500.0)","[0.017, 0.018000000000000002)",236,,
SinglePhoton_Run2016C,"[400.0, 500.0)","[0.018000000000000002, 0.019)",88,,
SinglePhoton_Run2016C,"[400.0, 500.0)","[0.019, 0.02)",60,,
SinglePhoton_Run2016C,"[500.0, 600.0)","[0.0, 0.001)",0,,
SinglePhoton_Run2016C,"[500.0, 600.0)","[0.001, 0.002)",0,,
SinglePhoton_Run2016C,"[500.0, 600.0)","[0.002, 0.003)",0,,
SinglePhoton_Run2016C,"[500.0, 600.0)","[0.003, 0.004)",0,,
SinglePhoton_Run2016C,"[500.0, 600.0)","[0.004, 0.005)",0,,
SinglePhoton_Run2016C,"[500.0, 600.0)","[0.005, 0.006)",0,,
SinglePhoton_Run2016C,"[500.0, 600.0)","[0.006, 0.007)",0,,
SinglePhoton_Run2016C,"[500.0, 600.0)","[0.007, 0.008)",5,,
SinglePhoton_Run2016C,"[500.0, 600.0)","[0.008, 0.009000000000000001)",149,,
SinglePhoton_Run2016C,"[500.0, 600.0)","[0.009000000000000001, 0.01)",323,,
SinglePhoton_Run2016C,"[500.0, 600.0)","[0.01, 0.011)",127,,
SinglePhoton_Run2016C,"[500.0, 600.0)","[0.011, 0.012)",154,,
SinglePhoton_Run2016C,"[500.0, 600.0)","[0.012, 0.013000000000000001)",264,,
SinglePhoton_Run2016C,"[500.0, 600.0)","[0.013000000000000001, 0.014)",253,,
SinglePhoton_Run2016C,"[500.0, 600.0)","[0.014, 0.015)",199,,
SinglePhoton_Run2016C,"[500.0, 600.0)","[0.015, 0.016)",117,,
SinglePhoton_Run2016C,"[500.0, 600.0)","[0.016, 0.017)",69,,
SinglePhoton_Run2016C,"[500.0, 600.0)","[0.017, 0.018000000000000002)",40,,
SinglePhoton_Run2016C,"[500.0, 600.0)","[0.018000000000000002, 0.019)",30,,
SinglePhoton_Run2016C,"[500.0, 600.0)","[0.019, 0.02)",10,,
SinglePhoton_Run2016C,"[600.0, 1000.0)","[0.0, 0.001)",0,,
SinglePhoton_Run2016C,"[600.0, 1000.0)","[0.001, 0.002)",0,,
SinglePhoton_Run2016C,"[600.0, 1000.0)","[0.002, 0.003)",0,,
SinglePhoton_Run2016C,"[600.0, 1000.0)","[0.003, 0.004)",0,,
SinglePhoton_Run2016C,"[600.0, 1000.0)","[0.004, 0.005)",0,,
SinglePhoton_Run2016C,"[600.0, 1000.0)","[0.005, 0.006)",0,,
SinglePhoton_Run2016C,"[600.0, 1000.0)","[0.006, 0.007)",0,,
SinglePhoton_Run2016C,"[600.0, 1000.0)","[0.007, 0.008)",2,,
SinglePhoton_Run2016C,"[600.0, 1000.0)","[0.008, 0.009000000000000001)",73,,
SinglePhoton_Run2016C,"[600.0, 1000.0)","[0.009000000000000001, 0.01)",134,,
SinglePhoton_Run2016C,"[600.0, 1000.0)","[0.01, 0.011)",47,,
SinglePhoton_Run2016C,"[600.0, 1000.0)","[0.011, 0.012)",54,,
SinglePhoton_Run2016C,"[600.0, 1000.0)","[0.012, 0.013000000000000001)",84,,
SinglePhoton_Run2016C,"[600.0, 1000.0)","[0.013000000000000001, 0.014)",100,,
SinglePhoton_Run2016C,"[600.0, 1000.0)","[0.014, 0.015)",73,,
SinglePhoton_Run2016C,"[600.0, 1000.0)","[0.015, 0.016)",42,,
SinglePhoton_Run2016C,"[600.0, 1000.0)","[0.016, 0.017)",25,,
SinglePhoton_Run2016C,"[600.0, 1000.0)","[0.017, 0.018000000000000002)",17,,
SinglePhoton_Run2016C,"[600.0, 1000.0)","[0.018000000000000002, 0.019)",2,,
SinglePhoton_Run2016C,"[600.0, 1000.0)","[0.019, 0.02)",2,,
SinglePhoton_Run2016D,"[200.0, 250.0)","[0.0, 0.001)",1,,
SinglePhoton_Run2016D,"[200.0, 250.0)","[0.001, 0.002)",0,,
SinglePhoton_Run2016D,"[200.0, 250.0)","[0.002, 0.003)",2,,
SinglePhoton_Run2016D,"[200.0, 250.0)","[0.003, 0.004)",6,,
SinglePhoton_Run2016D,"[200.0, 250.0)","[0.004, 0.005)",4,,
SinglePhoton_Run2016D,"[200.0, 250.0)","[0.005, 0.006)",8,,
SinglePhoton_Run2016D,"[200.0, 250.0)","[0.006, 0.007)",63,,
SinglePhoton_Run2016D,"[200.0, 250.0)","[0.007, 0.008)",619,,
SinglePhoton_Run2016D,"[200.0, 250.0)","[0.008, 0.009000000000000001)",8067,,
SinglePhoton_Run2016D,"[200.0, 250.0)","[0.009000000000000001, 0.01)",12652,,
SinglePhoton_Run2016D,"[200.0, 250.0)","[0.01, 0.011)",8536,,
SinglePhoton_Run2016D,"[200.0, 250.0)","[0.011, 0.012)",8244,,
SinglePhoton_Run2016D,"[200.0, 250.0)","[0.012, 0.013000000000000001)",5879,,
SinglePhoton_Run2016D,"[200.0, 250.0)","[0.013000000000000001, 0.014)",3688,,
SinglePhoton_Run2016D,"[200.0, 250.0)","[0.014, 0.015)",2251,,
SinglePhoton_Run2016D,"[200.0, 250.0)","[0.015, 0.016)",1239,,
SinglePhoton_Run2016D,"[200.0, 250.0)","[0.016, 0.017)",647,,
SinglePhoton_Run2016D,"[200.0, 250.0)","[0.017, 0.018000000000000002)",356,,
SinglePhoton_Run2016D,"[200.0, 250.0)","[0.018000000000000002, 0.019)",171,,
SinglePhoton_Run2016D,"[200.0, 250.0)","[0.019, 0.02)",79,,
SinglePhoton_Run2016D,"[250.0, 300.0)","[0.0, 0.001)",0,,
SinglePhoton_Run2016D,"[250.0, 300.0)","[0.001, 0.002)",1,,
SinglePhoton_Run2016D,"[250.0, 300.0)","[0.002, 0.003)",2,,
SinglePhoton_Run2016D,"[250.0, 300.0)","[0.003, 0.004)",2,,
SinglePhoton_Run2016D,"[250.0, 300.0)","[0.004, 0.005)",9,,
SinglePhoton_Run2016D,"[250.0, 300.0)","[0.005, 0.006)",10,,
SinglePhoton_Run2016D,"[250.0, 300.0)","[0.006, 0.007)",65,,
SinglePhoton_Run2016D,"[250.0, 300.0)","[0.007, 0.008)",699,,
SinglePhoton_Run2016D,"[250.0, 300.0)","[0.008, 0.009000000000000001)",9531,,
SinglePhoton_Run2016D,"[250.0, 300.0)","[0.009000000000000001, 0.01)",15668,,
SinglePhoton_Run2016D,"[250.0, 300.0)","[0.01, 0.011)",10373,,
SinglePhoton_Run2016D,"[250.0, 300.0)","[0.011, 0.012)",12671,,
SinglePhoton_Run2016D,"[250.0, 300.0)","[0.012, 0.013000000000000001)",11910,,
SinglePhoton_Run2016D,"[250.0, 300.0)","[0.013000000000000001, 0.014)",8460,,
SinglePhoton_Run2016D,"[250.0, 300.0)","[0.014, 0.015)",5369,,
SinglePhoton_Run2016D,"[250.0, 300.0)","[0.015, 0.016)",2970,,
SinglePhoton_Run2016D,"[250.0, 300.0)","[0.016, 0.017)",1553,,
SinglePhoton_Run2016D,"[250.0, 300.0)","[0.017, 0.018000000000000002)",783,,
SinglePhoton_Run2016D,"[250.0, 300.0)","[0.018000000000000002, 0.019)",410,,
SinglePhoton_Run2016D,"[250.0, 300.0)","[0.019, 0.02)",180,,
SinglePhoton_Run2016D,"[300.0, 400.0)","[0.0, 0.001)",2,,
SinglePhoton_Run2016D,"[300.0, 400.0)","[0.001, 0.002)",0,,
SinglePhoton_Run2016D,"[300.0, 400.0)","[0.002, 0.003)",0,,
SinglePhoton_Run2016D,"[300.0, 400.0)","[0.003, 0.004)",0,,
SinglePhoton_Run2016D,"[300.0, 400.0)","[0.004, 0.005)",0,,
SinglePhoton_Run2016D,"[300.0, 400.0)","[0.005, 0.006)",5,,
SinglePhoton_Run2016D,"[300.0, 400.0)","[0.006, 0.007)",35,,
SinglePhoton_Run2016D,"[300.0, 400.0)","[0.007, 0.008)",288,,
SinglePhoton_Run2016D,"[300.0, 400.0)","[0.008, 0.009000000000000001)",5000,,
SinglePhoton_Run2016D,"[300.0, 400.0)","[0.009000000000000001, 0.01)",8369,,
SinglePhoton_Run2016D,"[300.0, 400.0)","[0.01, 0.011)",5377,,
SinglePhoton_Run2016D,"[300.0, 400.0)","[0.011, 0.012)",7807,,
SinglePhoton_Run2016D,"[300.0, 400.0)","[0.012, 0.013000000000000001)",11054,,
SinglePhoton_Run2016D,"[300.0, 400.0)","[0.013000000000000001, 0.014)",10499,,
SinglePhoton_Run2016D,"[300.0, 400.0)","[0.014, 0.015)",7896,,
SinglePhoton_Run2016D,"[300.0, 400.0)","[0.015, 0.016)",5356,,
SinglePhoton_Run2016D,"[300.0, 400.0)","[0.016, 0.017)",3313,,
SinglePhoton_Run2016D,"[300.0, 400.0)","[0.017, 0.018000000000000002)",1676,,
SinglePhoton_Run2016D,"[300.0, 400.0)","[0.018000000000000002, 0.019)",819,,
SinglePhoton_Run2016D,"[300.0, 400.0)","[0.019, 0.02)",361,,
SinglePhoton_Run2016D,"[400.0, 500.0)","[0.0, 0.001)",0,,
SinglePhoton_Run2016D,"[400.0, 500.0)","[0.001, 0.002)",0,,
SinglePhoton_Run2016D,"[400.0, 500.0)","[0.002, 0.003)",0,,
SinglePhoton_Run2016D,"[400.0, 500.0)","[0.003, 0.004)",0,,
SinglePhoton_Run2016D,"[400.0, 500.0)","[0.004, 0.005)",1,,
SinglePhoton_Run2016D,"[400.0, 500.0)","[0.005, 0.006)",2,,
SinglePhoton_Run2016D,"[400.0, 500.0)","[0.006, 0.007)",3,,
SinglePhoton_Run2016D,"[400.0, 500.0)","[0.007, 0.008)",53,,
SinglePhoton_Run2016D,"[400.0, 500.0)","[0.008, 0.009000000000000001)",1014,,
SinglePhoton_Run2016D,"[400.0, 500.0)","[0.009000000000000001, 0.01)",1709,,
SinglePhoton_Run2016D,"[400.0, 500.0)","[0.01, 0.011)",919,,
SinglePhoton_Run2016D,"[400.0, 500.0)","[0.011, 0.012)",1278,,
SinglePhoton_Run2016D,"[400.0, 500.0)","[0.012, 0.013000000000000001)",2159,,
SinglePhoton_Run2016D,"[400.0, 500.0)","[0.013000000000000001, 0.014)",2123,,
SinglePhoton_Run2016D,"[400.0, 500.0)","[0.014, 0.015)",1720,,
SinglePhoton_Run2016D,"[400.0, 500.0)","[0.015, 0.016)",1272,,
SinglePhoton_Run2016D,"[400.0, 500.0)","[0.016, 0.017)",757,,
SinglePhoton_Run2016D,"[400.0, 500.0)","[0.017, 0.018000000000000002)",366,,
SinglePhoton_Run2016D,"[400.0, 500.0)","[0.018000000000000002, 0.019)",203,,
SinglePhoton_Run2016D,"[400.0, 500.0)","[0.019, 0.02)",63,,
SinglePhoton_Run2016D,"[500.0, 600.0)","[0.0, 0.001)",0,,
SinglePhoton_Run2016D,"[500.0, 600.0)","[0.001, 0.002)",0,,
SinglePhoton_Run2016D,"[500.0, 600.0)","[0.002, 0.003)",0,,
SinglePhoton_Run2016D,"[500.0, 600.0)","[0.003, 0.004)",0,,
SinglePhoton_Run2016D,"[500.0, 600.0)","[0.004, 0.005)",0,,
SinglePhoton_Run2016D,"[500.0, 600.0)","[0.005, 0.006)",0,,
SinglePhoton_Run2016D,"[500.0, 600.0)","[0.006, 0.007)",1,,
SinglePhoton_Run2016D,"[500.0, 600.0)","[0.007, 0.008)",9,,
SinglePhoton_Run2016D,"[500.0, 600.0)","[0.008, 0.009000000000000001)",252,,
SinglePhoton_Run2016D,"[500.0, 600.0)","[0.009000000000000001, 0.01)",465,,
SinglePhoton_Run2016D,"[500.0, 600.0)","[0.01, 0.011)",226,,
SinglePhoton_Run2016D,"[500.0, 600.0)","[0.011, 0.012)",301,,
SinglePhoton_Run2016D,"[500.0, 600.0)","[0.012, 0.013000000000000001)",444,,
SinglePhoton_Run2016D,"[500.0, 600.0)","[0.013000000000000001, 0.014)",452,,
SinglePhoton_Run2016D,"[500.0, 600.0)","[0.014, 0.015)",328,,
SinglePhoton_Run2016D,"[500.0, 600.0)","[0.015, 0.016)",272,,
SinglePhoton_Run2016D,"[500.0, 600.0)","[0.016, 0.017)",132,,
SinglePhoton_Run2016D,"[500.0, 600.0)","[0.017, 0.018000000000000002)",68,,
SinglePhoton_Run2016D,"[500.0, 600.0)","[0.018000000000000002, 0.019)",27,,
SinglePhoton_Run2016D,"[500.0, 600.0)","[0.019, 0.02)",14,,
SinglePhoton_Run2016D,"[600.0, 1000.0)","[0.0, 0.001)",0,,
SinglePhoton_Run2016D,"[600.0, 1000.0)","[0.001, 0.002)",0,,
SinglePhoton_Run2016D,"[600.0, 1000.0)","[0.002, 0.003)",0,,
SinglePhoton_Run2016D,"[600.0, 1000.0)","[0.003, 0.004)",0,,
SinglePhoton_Run2016D,"[600.0, 1000.0)","[0.004, 0.005)",0,,
SinglePhoton_Run2016D,"[600.0, 1000.0)","[0.005, 0.006)",0,,
SinglePhoton_Run2016D,"[600.0, 1000.0)","[0.006, 0.007)",0,,
SinglePhoton_Run2016D,"[600.0, 1000.0)","[0.007, 0.008)",4,,
SinglePhoton_Run2016D,"[600.0, 1000.0)","[0.008, 0.009000000000000001)",131,,
SinglePhoton_Run2016D,"[600.0, 1000.0)","[0.009000000000000001, 0.01)",247,,
SinglePhoton_Run2016D,"[600.0, 1000.0)","[0.01, 0.011)",84,,
SinglePhoton_Run2016D,"[600.0, 1000.0)","[0.011, 0.012)",87,,
SinglePhoton_Run2016D,"[600.0, 1000.0)","[0.012, 0.013000000000000001)",159,,
SinglePhoton_Run2016D,"[600.0, 1000.0)","[0.013000000000000001, 0.014)",140,,
SinglePhoton_Run2016D,"[600.0, 1000.0)","[0.014, 0.015)",109,,
SinglePhoton_Run2016D,"[600.0, 1000.0)","[0.015, 0.016)",69,,
SinglePhoton_Run2016D,"[600.0, 1000.0)","[0.016, 0.017)",42,,
SinglePhoton_Run2016D,"[600.0, 1000.0)","[0.017, 0.018000000000000002)",23,,
SinglePhoton_Run2016D,"[600.0, 1000.0)","[0.018000000000000002, 0.019)",3,,
SinglePhoton_Run2016D,"[600.0, 1000.0)","[0.019, 0.02)",3,,
SinglePhoton_Run2016E,"[200.0, 250.0)","[0.0, 0.001)",0,,
SinglePhoton_Run2016E,"[200.0, 250.0)","[0.001, 0.002)",2,,
SinglePhoton_Run2016E,"[200.0, 250.0)","[0.002, 0.003)",1,,
SinglePhoton_Run2016E,"[200.0, 250.0)","[0.003, 0.004)",2,,
SinglePhoton_Run2016E,"[200.0, 250.0)","[0.004, 0.005)",7,,
SinglePhoton_Run2016E,"[200.0, 250.0)","[0.005, 0.006)",7,,
SinglePhoton_Run2016E,"[200.0, 250.0)","[0.006, 0.007)",48,,
SinglePhoton_Run2016E,"[200.0, 250.0)","[0.007, 0.008)",542,,
SinglePhoton_Run2016E,"[200.0, 250.0)","[0.008, 0.009000000000000001)",7445,,
SinglePhoton_Run2016E,"[200.0, 250.0)","[0.009000000000000001, 0.01)",11825,,
SinglePhoton_Run2016E,"[200.0, 250.0)","[0.01, 0.011)",7779,,
SinglePhoton_Run2016E,"[200.0, 250.0)","[0.011, 0.012)",7862,,
SinglePhoton_Run2016E,"[200.0, 250.0)","[0.012, 0.013000000000000001)",5357,,
SinglePhoton_Run2016E,"[200.0, 250.0)","[0.013000000000000001, 0.014)",3432,,
SinglePhoton_Run2016E,"[200.0, 250.0)","[0.014, 0.015)",2056,,
SinglePhoton_Run2016E,"[200.0, 250.0)","[0.015, 0.016)",1173,,
SinglePhoton_Run2016E,"[200.0, 250.0)","[0.016, 0.017)",656,,
SinglePhoton_Run2016E,"[200.0, 250.0)","[0.017, 0.018000000000000002)",339,,
SinglePhoton_Run2016E,"[200.0, 250.0)","[0.018000000000000002, 0.019)",147,,
SinglePhoton_Run2016E,"[200.0, 250.0)","[0.019, 0.02)",61,,
SinglePhoton_Run2016E,"[250.0, 300.0)","[0.0, 0.001)",0,,
SinglePhoton_Run2016E,"[250.0, 300.0)","[0.001, 0.002)",2,,
SinglePhoton_Run2016E,"[250.0, 300.0)","[0.002, 0.003)",2,,
SinglePhoton_Run2016E,"[250.0, 300.0)","[0.003, 0.004)",2,,
SinglePhoton_Run2016E,"[250.0, 300.0)","[0.004, 0.005)",7,,
SinglePhoton_Run2016E,"[250.0, 300.0)","[0.005, 0.006)",6,,
SinglePhoton_Run2016E,"[250.0, 300.0)","[0.006, 0.007)",68,,
SinglePhoton_Run2016E,"[250.0, 300.0)","[0.007, 0.008)",629,,
SinglePhoton_Run2016E,"[250.0, 300.0)","[0.008, 0.009000000000000001)",8901,,
SinglePhoton_Run2016E,"[250.0, 300.0)","[0.009000000000000001, 0.01)",14729,,
SinglePhoton_Run2016E,"[250.0, 300.0)","[0.01, 0.011)",9782,,
SinglePhoton_Run2016E,"[250.0, 300.0)","[0.011, 0.012)",11810,,
SinglePhoton_Run2016E,"[250.0, 300.0)","[0.012, 0.013000000000000001)",11024,,
SinglePhoton_Run2016E,"[250.0, 300.0)","[0.013000000000000001, 0.014)",7858,,
SinglePhoton_Run2016E,"[250.0, 300.0)","[0.014, 0.015)",5061,,
SinglePhoton_Run2016E,"[250.0, 300.0)","[0.015, 0.016)",2829,,
SinglePhoton_Run2016E,"[250.0, 300.0)","[0.016, 0.017)",1423,,
SinglePhoton_Run2016E,"[250.0, 300.0)","[0.017, 0.018000000000000002)",707,,
SinglePhoton_Run2016E,"[250.0, 300.0)","[0.018000000000000002, 0.019)",329,,
SinglePhoton_Run2016E,"[250.0, 300.0)","[0.019, 0.02)",160,,
SinglePhoton_Run2016E,"[300.0, 400.0)","[0.0, 0.001)",1,,
SinglePhoton_Run2016E,"[300.0, 400.0)","[0.001, 0.002)",0,,
SinglePhoton_Run2016E,"[300.0, 400.0)","[0.002, 0.003)",0,,
SinglePhoton_Run2016E,"[300.0, 400.0)","[0.003, 0.004)",2,,
SinglePhoton_Run2016E,"[300.0, 400.0)","[0.004, 0.005)",4,,
SinglePhoton_Run2016E,"[300.0, 400.0)","[0.005, 0.006)",4,,
SinglePhoton_Run2016E,"[300.0, 400.0)","[0.006, 0.007)",21,,
SinglePhoton_Run2016E,"[300.0, 400.0)","[0.007, 0.008)",261,,
SinglePhoton_Run2016E,"[300.0, 400.0)","[0.008, 0.009000000000000001)",4459,,
SinglePhoton_Run2016E,"[300.0, 400.0)","[0.009000000000000001, 0.01)",7773,,
SinglePhoton_Run2016E,"[300.0, 400.0)","[0.01, 0.011)",5031,,
SinglePhoton_Run2016E,"[300.0, 400.0)","[0.011, 0.012)",7381,,
SinglePhoton_Run2016E,"[300.0, 400.0)","[0.012, 0.013000000000000001)",10281,,
SinglePhoton_Run2016E,"[300.0, 400.0)","[0.013000000000000001, 0.014)",9633,,
SinglePhoton_Run2016E,"[300.0, 400.0)","[0.014, 0.015)",7331,,
SinglePhoton_Run2016E,"[300.0, 400.0)","[0.015, 0.016)",5139,,
SinglePhoton_Run2016E,"[300.0, 400.0)","[0.016, 0.017)",3137,,
SinglePhoton_Run2016E,"[300.0, 400.0)","[0.017, 0.018000000000000002)",1571,,
SinglePhoton_Run2016E,"[300.0, 400.0)","[0.018000000000000002, 0.019)",724,,
SinglePhoton_Run2016E,"[300.0, 400.0)","[0.019, 0.02)",284,,
SinglePhoton_Run2016E,"[400.0, 500.0)","[0.0, 0.001)",0,,
SinglePhoton_Run2016E,"[400.0, 500.0)","[0.001, 0.002)",1,,
SinglePhoton_Run2016E,"[400.0, 500.0)","[0.002, 0.003)",0,,
SinglePhoton_Run2016E,"[400.0, 500.0)","[0.003, 0.004)",0,,
SinglePhoton_Run2016E,"[400.0, 500.0)","[0.004, 0.005)",1,,
SinglePhoton_Run2016E,"[400.0, 500.0)","[0.005, 0.006)",0,,
SinglePhoton_Run2016E,"[400.0, 500.0)","[0.006, 0.007)",0,,
SinglePhoton_Run2016E,"[400.0, 500.0)","[0.007, 0.008)",51,,
SinglePhoton_Run2016E,"[400.0, 500.0)","[0.008, 0.009000000000000001)",861,,
SinglePhoton_Run2016E,"[400.0, 500.0)","[0.009000000000000001, 0.01)",1576,,
SinglePhoton_Run2016E,"[400.0, 500.0)","[0.01, 0.011)",863,,
SinglePhoton_Run2016E,"[400.0, 500.0)","[0.011, 0.012)",1224,,
SinglePhoton_Run2016E,"[400.0, 500.0)","[0.012, 0.013000000000000001)",1944,,
SinglePhoton_Run2016E,"[400.0, 500.0)","[0.013000000000000001, 0.014)",1965,,
SinglePhoton_Run2016E,"[400.0, 500.0)","[0.014, 0.015)",1549,,
SinglePhoton_Run2016E,"[400.0, 500.0)","[0.015, 0.016)",1193,,
SinglePhoton_Run2016E,"[400.0, 500.0)","[0.016, 0.017)",729,,
SinglePhoton_Run2016E,"[400.0, 500.0)","[0.017, 0.018000000000000002)",395,,
SinglePhoton_Run2016E,"[400.0, 500.0)","[0.018000000000000002, 0.019)",178,,
SinglePhoton_Run2016E,"[400.0, 500.0)","[0.019, 0.02)",65,,
SinglePhoton_Run2016E,"[500.0, 600.0)","[0.0, 0.001)",0,,
SinglePhoton_Run2016E,"[500.0, 600.0)","[0.001, 0.002)",0,,
SinglePhoton_Run2016E,"[500.0, 600.0)","[0.002, 0.003)",0,,
SinglePhoton_Run2016E,"[500.0, 600.0)","[0.003, 0.004)",0,,
SinglePhoton_Run2016E,"[500.0, 600.0)","[0.004, 0.005)",0,,
SinglePhoton_Run2016E,"[500.0, 600.0)","[0.005, 0.006)",1,,
SinglePhoton_Run2016E,"[500.0, 600.0)","[0.006, 0.007)",0,,
SinglePhoton_Run2016E,"[500.0, 600.0)","[0.007, 0.008)",11,,
SinglePhoton_Run2016E,"[500.0, 600.0)","[0.008, 0.009000000000000001)",227,,
SinglePhoton_Run2016E,"[500.0, 600.0)","[0.009000000000000001, 0.01)",413,,
SinglePhoton_Run2016E,"[500.0, 600.0)","[0.01, 0.011)",177,,
SinglePhoton_Run2016E,"[500.0, 600.0)","[0.011, 0.012)",259,,
SinglePhoton_Run2016E,"[500.0, 600.0)","[0.012, 0.013000000000000001)",380,,
SinglePhoton_Run2016E,"[500.0, 600.0)","[0.013000000000000001, 0.014)",371,,
SinglePhoton_Run2016E,"[500.0, 600.0)","[0.014, 0.015)",289,,
SinglePhoton_Run2016E,"[500.0, 600.0)","[0.015, 0.016)",212,,
SinglePhoton_Run2016E,"[500.0, 600.0)","[0.016, 0.017)",134,,
SinglePhoton_Run2016E,"[500.0, 600.0)","[0.017, 0.018000000000000002)",66,,
SinglePhoton_Run2016E,"[500.0, 600.0)","[0.018000000000000002, 0.019)",29,,
SinglePhoton_Run2016E,"[500.0, 600.0)","[0.019, 0.02)",10,,
SinglePhoton_Run2016E,"[600.0, 1000.0)","[0.0, 0.001)",0,,
SinglePhoton_Run2016E,"[600.0, 1000.0)","[0.001, 0.002)",0,,
SinglePhoton_Run2016E,"[600.0, 1000.0)","[0.002, 0.003)",0,,
SinglePhoton_Run2016E,"[600.0, 1000.0)","[0.003, 0.004)",0,,
SinglePhoton_Run2016E,"[600.0, 1000.0)","[0.004, 0.005)",0,,
SinglePhoton_Run2016E,"[600.0, 1000.0)","[0.005, 0.006)",0,,
SinglePhoton_Run2016E,"[600.0, 1000.0)","[0.006, 0.007)",0,,
SinglePhoton_Run2016E,"[600.0, 1000.0)","[0.007, 0.008)",2,,
SinglePhoton_Run2016E,"[600.0, 1000.0)","[0.008, 0.009000000000000001)",130,,
SinglePhoton_Run2016E,"[600.0, 1000.0)","[0.009000000000000001, 0.01)",185,,
SinglePhoton_Run2016E,"[600.0, 1000.0)","[0.01, 0.011)",69,,
SinglePhoton_Run2016E,"[600.0, 1000.0)","[0.011, 0.012)",88,,
SinglePhoton_Run2016E,"[600.0, 1000.0)","[0.012, 0.013000000000000001)",145,,
SinglePhoton_Run2016E,"[600.0, 1000.0)","[0.013000000000000001, 0.014)",116,,
SinglePhoton_Run2016E,"[600.0, 1000.0)","[0.014, 0.015)",91,,
SinglePhoton_Run2016E,"[600.0, 1000.0)","[0.015, 0.016)",78,,
SinglePhoton_Run2016E,"[600.0, 1000.0)","[0.016, 0.017)",45,,
SinglePhoton_Run2016E,"[600.0, 1000.0)","[0.017, 0.018000000000000002)",15,,
SinglePhoton_Run2016E,"[600.0, 1000.0)","[0.018000000000000002, 0.019)",6,,
SinglePhoton_Run2016E,"[600.0, 1000.0)","[0.019, 0.02)",3,,
SinglePhoton_Run2016F,"[200.0, 250.0)","[0.0, 0.001)",0,,
SinglePhoton_Run2016F,"[200.0, 250.0)","[0.001, 0.002)",0,,
SinglePhoton_Run2016F,"[200.0, 250.0)","[0.002, 0.003)",0,,
SinglePhoton_Run2016F,"[200.0, 250.0)","[0.003, 0.004)",4,,
SinglePhoton_Run2016F,"[200.0, 250.0)","[0.004, 0.005)",3,,
SinglePhoton_Run2016F,"[200.0, 250.0)","[0.005, 0.006)",3,,
SinglePhoton_Run2016F,"[200.0, 250.0)","[0.006, 0.007)",39,,
SinglePhoton_Run2016F,"[200.0, 250.0)","[0.007, 0.008)",380,,
SinglePhoton_Run2016F,"[200.0, 250.0)","[0.008, 0.009000000000000001)",5908,,
SinglePhoton_Run2016F,"[200.0, 250.0)","[0.009000000000000001, 0.01)",9079,,
SinglePhoton_Run2016F,"[200.0, 250.0)","[0.01, 0.011)",5915,,
SinglePhoton_Run2016F,"[200.0, 250.0)","[0.011, 0.012)",5806,,
SinglePhoton_Run2016F,"[200.0, 250.0)","[0.012, 0.013000000000000001)",4108,,
SinglePhoton_Run2016F,"[200.0, 250.0)","[0.013000000000000001, 0.014)",2494,,
SinglePhoton_Run2016F,"[200.0, 250.0)","[0.014, 0.015)",1489,,
SinglePhoton_Run2016F,"[200.0, 250.0)","[0.015, 0.016)",843,,
SinglePhoton_Run2016F,"[200.0, 250.0)","[0.016, 0.017)",456,,
SinglePhoton_Run2016F,"[200.0, 250.0)","[0.017, 0.018000000000000002)",252,,
SinglePhoton_Run2016F,"[200.0, 250.0)","[0.018000000000000002, 0.019)",109,,
SinglePhoton_Run2016F,"[200.0, 250.0)","[0.019, 0.02)",48,,
SinglePhoton_Run2016F,"[250.0, 300.0)","[0.0, 0.001)",1,,
SinglePhoton_Run2016F,"[250.0, 300.0)","[0.001, 0.002)",1,,
SinglePhoton_Run2016F,"[250.0, 300.0)","[0.002, 0.003)",3,,
SinglePhoton_Run2016F,"[250.0, 300.0)","[0.003, 0.004)",1,,
SinglePhoton_Run2016F,"[250.0, 300.0)","[0.004, 0.005)",2,,
SinglePhoton_Run2016F,"[250.0, 300.0)","[0.005, 0.006)",7,,
SinglePhoton_Run2016F,"[250.0, 300.0)","[0.006, 0.007)",44,,
SinglePhoton_Run2016F,"[250.0, 300.0)","[0.007, 0.008)",469,,
SinglePhoton_Run2016F,"[250.0, 300.0)","[0.008, 0.009000000000000001)",6804,,
SinglePhoton_Run2016F,"[250.0, 300.0)","[0.009000000000000001, 0.01)",11117,,
SinglePhoton_Run2016F,"[250.0, 300.0)","[0.01, 0.011)",7527,,
SinglePhoton_Run2016F,"[250.0, 300.0)","[0.011, 0.012)",8754,,
SinglePhoton_Run2016F,"[250.0, 300.0)","[0.012, 0.013000000000000001)",8152,,
SinglePhoton_Run2016F,"[250.0, 300.0)","[0.013000000000000001, 0.014)",5775,,
SinglePhoton_Run2016F,"[250.0, 300.0)","[0.014, 0.015)",3610,,
SinglePhoton_Run2016F,"[250.0, 300.0)","[0.015, 0.016)",2128,,
SinglePhoton_Run2016F,"[250.0, 300.0)","[0.016, 0.017)",1027,,
SinglePhoton_Run2016F,"[250.0, 300.0)","[0.017, 0.018000000000000002)",528,,
SinglePhoton_Run2016F,"[250.0, 300.0)","[0.018000000000000002, 0.019)",245,,
SinglePhoton_Run2016F,"[250.0, 300.0)","[0.019, 0.02)",102,,
SinglePhoton_Run2016F,"[300.0, 400.0)","[0.0, 0.001)",0,,
SinglePhoton_Run2016F,"[300.0, 400.0)","[0.001, 0.002)",0,,
SinglePhoton_Run2016F,"[300.0, 400.0)","[0.002, 0.003)",0,,
SinglePhoton_Run2016F,"[300.0, 400.0)","[0.003, 0.004)",0,,
SinglePhoton_Run2016F,"[300.0, 400.0)","[0.004, 0.005)",1,,
SinglePhoton_Run2016F,"[300.0, 400.0)","[0.005, 0.006)",2,,
SinglePhoton_Run2016F,"[300.0, 400.0)","[0.006, 0.007)",11,,
SinglePhoton_Run2016F,"[300.0, 400.0)","[0.007, 0.008)",199,,
SinglePhoton_Run2016F,"[300.0, 400.0)","[0.008, 0.009000000000000001)",3488,,
SinglePhoton_Run2016F,"[300.0, 400.0)","[0.009000000000000001, 0.01)",5954,,
SinglePhoton_Run2016F,"[300.0, 400.0)","[0.01, 0.011)",3783,,
SinglePhoton_Run2016F,"[300.0, 400.0)","[0.011, 0.012)",5523,,
SinglePhoton_Run2016F,"[300.0, 400.0)","[0.012, 0.013000000000000001)",7679,,
SinglePhoton_Run2016F,"[300.0, 400.0)","[0.013000000000000001, 0.014)",7299,,
SinglePhoton_Run2016F,"[300.0, 400.0)","[0.014, 0.015)",5460,,
SinglePhoton_Run2016F,"[300.0, 400.0)","[0.015, 0.016)",3762,,
SinglePhoton_Run2016F,"[300.0, 400.0)","[0.016, 0.017)",2176,,
SinglePhoton_Run2016F,"[300.0, 400.0)","[0.017, 0.018000000000000002)",1121,,
SinglePhoton_Run2016F,"[300.0, 400.0)","[0.018000000000000002, 0.019)",571,,
SinglePhoton_Run2016F,"[300.0, 400.0)","[0.019, 0.02)",222,,
SinglePhoton_Run2016F,"[400.0, 500.0)","[0.0, 0.001)",0,,
SinglePhoton_Run2016F,"[400.0, 500.0)","[0.001, 0.002)",0,,
SinglePhoton_Run2016F,"[400.0, 500.0)","[0.002, 0.003)",0,,
SinglePhoton_Run2016F,"[400.0, 500.0)","[0.003, 0.004)",0,,
SinglePhoton_Run2016F,"[400.0, 500.0)","[0.004, 0.005)",0,,
SinglePhoton_Run2016F,"[400.0, 500.0)","[0.005, 0.006)",1,,
SinglePhoton_Run2016F,"[400.0, 500.0)","[0.006, 0.007)",3,,
SinglePhoton_Run2016F,"[400.0, 500.0)","[0.007, 0.008)",27,,
SinglePhoton_Run2016F,"[400.0, 500.0)","[0.008, 0.009000000000000001)",707,,
SinglePhoton_Run2016F,"[400.0, 500.0)","[0.009000000000000001, 0.01)",1211,,
SinglePhoton_Run2016F,"[400.0, 500.0)","[0.01, 0.011)",698,,
SinglePhoton_Run2016F,"[400.0, 500.0)","[0.011, 0.012)",939,,
SinglePhoton_Run2016F,"[400.0, 500.0)","[0.012, 0.013000000000000001)",1556,,
SinglePhoton_Run2016F,"[400.0, 500.0)","[0.013000000000000001, 0.014)",1484,,
SinglePhoton_Run2016F,"[400.0, 500.0)","[0.014, 0.015)",1202,,
SinglePhoton_Run2016F,"[400.0, 500.0)","[0.015, 0.016)",889,,
SinglePhoton_Run2016F,"[400.0, 500.0)","[0.016, 0.017)",555,,
SinglePhoton_Run2016F,"[400.0, 500.0)","[0.017, 0.018000000000000002)",316,,
SinglePhoton_Run2016F,"[400.0, 500.0)","[0.018000000000000002, 0.019)",124,,
SinglePhoton_Run2016F,"[400.0, 500.0)","[0.019, 0.02)",70,,
SinglePhoton_Run2016F,"[500.0, 600.0)","[0.0, 0.001)",0,,
SinglePhoton_Run2016F,"[500.0, 600.0)","[0.001, 0.002)",0,,
SinglePhoton_Run2016F,"[500.0, 600.0)","[0.002, 0.003)",0,,
SinglePhoton_Run2016F,"[500.0, 600.0)","[0.003, 0.004)",0,,
SinglePhoton_Run2016F,"[500.0, 600.0)","[0.004, 0.005)",0,,
SinglePhoton_Run2016F,"[500.0, 600.0)","[0.005, 0.006)",0,,
SinglePhoton_Run2016F,"[500.0, 600.0)","[0.006, 0.007)",0,,
SinglePhoton_Run2016F,"[500.0, 600.0)","[0.007, 0.008)",7,,
SinglePhoton_Run2016F,"[500.0, 600.0)","[0.008, 0.009000000000000001)",172,,
SinglePhoton_Run2016F,"[500.0, 600.0)","[0.009000000000000001, 0.01)",366,,
SinglePhoton_Run2016F,"[500.0, 600.0)","[0.01, 0.011)",148,,
SinglePhoton_Run2016F,"[500.0, 600.0)","[0.011, 0.012)",185,,
SinglePhoton_Run2016F,"[500.0, 600.0)","[0.012, 0.013000000000000001)",316,,
SinglePhoton_Run2016F,"[500.0, 600.0)","[0.013000000000000001, 0.014)",303,,
SinglePhoton_Run2016F,"[500.0, 600.0)","[0.014, 0.015)",239,,
SinglePhoton_Run2016F,"[500.0, 600.0)","[0.015, 0.016)",173,,
SinglePhoton_Run2016F,"[500.0, 600.0)","[0.016, 0.017)",101,,
SinglePhoton_Run2016F,"[500.0, 600.0)","[0.017, 0.018000000000000002)",48,,
SinglePhoton_Run2016F,"[500.0, 600.0)","[0.018000000000000002, 0.019)",21,,
SinglePhoton_Run2016F,"[500.0, 600.0)","[0.019, 0.02)",16,,
SinglePhoton_Run2016F,"[600.0, 1000.0)","[0.0, 0.001)",0,,
SinglePhoton_Run2016F,"[600.0, 1000.0)","[0.001, 0.002)",0,,
SinglePhoton_Run2016F,"[600.0, 1000.0)","[0.002, 0.003)",0,,
SinglePhoton_Run2016F,"[600.0, 1000.0)","[0.003, 0.004)",0,,
SinglePhoton_Run2016F,"[600.0, 1000.0)","[0.004, 0.005)",0,,
SinglePhoton_Run2016F,"[600.0, 1000.0)","[0.005, 0.006)",0,,
SinglePhoton_Run2016F,"[600.0, 1000.0)","[0.006, 0.007)",0,,
SinglePhoton_Run2016F,"[600.0, 1000.0)","[0.007, 0.008)",5,,
SinglePhoton_Run2016F,"[600.0, 1000.0)","[0.008, 0.009000000000000001)",91,,
SinglePhoton_Run2016F,"[600.0, 1000.0)","[0.009000000000000001, 0.01)",161,,
SinglePhoton_Run2016F,"[600.0, 1000.0)","[0.01, 0.011)",55,,
SinglePhoton_Run2016F,"[600.0, 1000.0)","[0.011, 0.012)",50,,
SinglePhoton_Run2016F,"[600.0, 1000.0)","[0.012, 0.013000000000000001)",93,,
SinglePhoton_Run2016F,"[600.0, 1000.0)","[0.013000000000000001, 0.014)",76,,
SinglePhoton_Run2016F,"[600.0, 1000.0)","[0.014, 0.015)",69,,
SinglePhoton_Run2016F,"[600.0, 1000.0)","[0.015, 0.016)",45,,
SinglePhoton_Run2016F,"[600.0, 1000.0)","[0.016, 0.017)",36,,
SinglePhoton_Run2016F,"[600.0, 1000.0)","[0.017, 0.018000000000000002)",21,,
SinglePhoton_Run2016F,"[600.0, 1000.0)","[0.018000000000000002, 0.019)",6,,
SinglePhoton_Run2016F,"[600.0, 1000.0)","[0.019, 0.02)",2,,
SinglePhoton_Run2016G,"[200.0, 250.0)","[0.0, 0.001)",0,,
SinglePhoton_Run2016G,"[200.0, 250.0)","[0.001, 0.002)",1,,
SinglePhoton_Run2016G,"[200.0, 250.0)","[0.002, 0.003)",3,,
SinglePhoton_Run2016G,"[200.0, 250.0)","[0.003, 0.004)",4,,
SinglePhoton_Run2016G,"[200.0, 250.0)","[0.004, 0.005)",8,,
SinglePhoton_Run2016G,"[200.0, 250.0)","[0.005, 0.006)",12,,
SinglePhoton_Run2016G,"[200.0, 250.0)","[0.006, 0.007)",118,,
SinglePhoton_Run2016G,"[200.0, 250.0)","[0.007, 0.008)",1065,,
SinglePhoton_Run2016G,"[200.0, 250.0)","[0.008, 0.009000000000000001)",14477,,
SinglePhoton_Run2016G,"[200.0, 250.0)","[0.009000000000000001, 0.01)",22447,,
SinglePhoton_Run2016G,"[200.0, 250.0)","[0.01, 0.011)",15255,,
SinglePhoton_Run2016G,"[200.0, 250.0)","[0.011, 0.012)",14419,,
SinglePhoton_Run2016G,"[200.0, 250.0)","[0.012, 0.013000000000000001)",10101,,
SinglePhoton_Run2016G,"[200.0, 250.0)","[0.013000000000000001, 0.014)",6295,,
SinglePhoton_Run2016G,"[200.0, 250.0)","[0.014, 0.015)",3802,,
SinglePhoton_Run2016G,"[200.0, 250.0)","[0.015, 0.016)",2075,,
SinglePhoton_Run2016G,"[200.0, 250.0)","[0.016, 0.017)",1072,,
SinglePhoton_Run2016G,"[200.0, 250.0)","[0.017, 0.018000000000000002)",576,,
SinglePhoton_Run2016G,"[200.0, 250.0)","[0.018000000000000002, 0.019)",289,,
SinglePhoton_Run2016G,"[200.0, 250.0)","[0.019, 0.02)",138,,
SinglePhoton_Run2016G,"[250.0, 300.0)","[0.0, 0.001)",3,,
SinglePhoton_Run2016G,"[250.0, 300.0)","[0.001, 0.002)",2,,
SinglePhoton_Run2016G,"[250.0, 300.0)","[0.002, 0.003)",1,,
SinglePhoton_Run2016G,"[250.0, 300.0)","[0.003, 0.004)",3,,
SinglePhoton_Run2016G,"[250.0, 300.0)","[0.004, 0.005)",9,,
SinglePhoton_Run2016G,"[250.0, 300.0)","[0.005, 0.006)",15,,
SinglePhoton_Run2016G,"[250.0, 300.0)","[0.006, 0.007)",92,,
SinglePhoton_Run2016G,"[250.0, 300.0)","[0.007, 0.008)",1198,,
SinglePhoton_Run2016G,"[250.0, 300.0)","[0.008, 0.009000000000000001)",17164,,
SinglePhoton_Run2016G,"[250.0, 300.0)","[0.009000000000000001, 0.01)",27891,,
SinglePhoton_Run2016G,"[250.0, 300.0)","[0.01, 0.011)",18962,,
SinglePhoton_Run2016G,"[250.0, 300.0)","[0.011, 0.012)",22299,,
SinglePhoton_Run2016G,"[250.0, 300.0)","[0.012, 0.013000000000000001)",20083,,
SinglePhoton_Run2016G,"[250.0, 300.0)","[0.013000000000000001, 0.014)",14483,,
SinglePhoton_Run2016G,"[250.0, 300.0)","[0.014, 0.015)",8946,,
SinglePhoton_Run2016G,"[250.0, 300.0)","[0.015, 0.016)",5104,,
SinglePhoton_Run2016G,"[250.0, 300.0)","[0.016, 0.017)",2565,,
SinglePhoton_Run2016G,"[250.0, 300.0)","[0.017, 0.018000000000000002)",1278,,
SinglePhoton_Run2016G,"[250.0, 300.0)","[0.018000000000000002, 0.019)",583,,
SinglePhoton_Run2016G,"[250.0, 300.0)","[0.019, 0.02)",272,,
SinglePhoton_Run2016G,"[300.0, 400.0)","[0.0, 0.001)",1,,
SinglePhoton_Run2016G,"[300.0, 400.0)","[0.001, 0.002)",1,,
SinglePhoton_Run2016G,"[300.0, 400.0)","[0.002, 0.003)",3,,
SinglePhoton_Run2016G,"[300.0, 400.0)","[0.003, 0.004)",2,,
SinglePhoton_Run2016G,"[300.0, 400.0)","[0.004, 0.005)",6,,
SinglePhoton_Run2016G,"[300.0, 400.0)","[0.005, 0.006)",12,,
SinglePhoton_Run2016G,"[300.0, 400.0)","[0.006, 0.007)",40,,
SinglePhoton_Run2016G,"[300.0, 400.0)","[0.007, 0.008)",507,,
SinglePhoton_Run2016G,"[300.0, 400.0)","[0.008, 0.009000000000000001)",8592,,
SinglePhoton_Run2016G,"[300.0, 400.0)","[0.009000000000000001, 0.01)",15037,,
SinglePhoton_Run2016G,"[300.0, 400.0)","[0.01, 0.011)",9428,,
SinglePhoton_Run2016G,"[300.0, 400.0)","[0.011, 0.012)",13413,,
SinglePhoton_Run2016G,"[300.0, 400.0)","[0.012, 0.013000000000000001)",19250,,
SinglePhoton_Run2016G,"[300.0, 400.0)","[0.013000000000000001, 0.014)",18063,,
SinglePhoton_Run2016G,"[300.0, 400.0)","[0.014, 0.015)",13523,,
SinglePhoton_Run2016G,"[300.0, 400.0)","[0.015, 0.016)",9293,,
SinglePhoton_Run2016G,"[300.0, 400.0)","[0.016, 0.017)",5428,,
SinglePhoton_Run2016G,"[300.0, 400.0)","[0.017, 0.018000000000000002)",2774,,
SinglePhoton_Run2016G,"[300.0, 400.0)","[0.018000000000000002, 0.019)",1321,,
SinglePhoton_Run2016G,"[300.0, 400.0)","[0.019, 0.02)",590,,
SinglePhoton_Run2016G,"[400.0, 500.0)","[0.0, 0.001)",0,,
SinglePhoton_Run2016G,"[400.0, 500.0)","[0.001, 0.002)",0,,
SinglePhoton_Run2016G,"[400.0, 500.0)","[0.002, 0.003)",2,,
SinglePhoton_Run2016G,"[400.0, 500.0)","[0.003, 0.004)",1,,
SinglePhoton_Run2016G,"[400.0, 500.0)","[0.004, 0.005)",2,,
SinglePhoton_Run2016G,"[400.0, 500.0)","[0.005, 0.006)",2,,
SinglePhoton_Run2016G,"[400.0, 500.0)","[0.006, 0.007)",6,,
SinglePhoton_Run2016G,"[400.0, 500.0)","[0.007, 0.008)",71,,
SinglePhoton_Run2016G,"[400.0, 500.0)","[0.008, 0.009000000000000001)",1715,,
SinglePhoton_Run2016G,"[400.0, 500.0)","[0.009000000000000001, 0.01)",2983,,
SinglePhoton_Run2016G,"[400.0, 500.0)","[0.01, 0.011)",1662,,
SinglePhoton_Run2016G,"[400.0, 500.0)","[0.011, 0.012)",2219,,
SinglePhoton_Run2016G,"[400.0, 500.0)","[0.012, 0.013000000000000001)",3684,,
SinglePhoton_Run2016G,"[400.0, 500.0)","[0.013000000000000001, 0.014)",3737,,
SinglePhoton_Run2016G,"[400.0, 500.0)","[0.014, 0.015)",3024,,
SinglePhoton_Run2016G,"[400.0, 500.0)","[0.015, 0.016)",2265,,
SinglePhoton_Run2016G,"[400.0, 500.0)","[0.016, 0.017)",1388,,
SinglePhoton_Run2016G,"[400.0, 500.0)","[0.017, 0.018000000000000002)",695,,
SinglePhoton_Run2016G,"[400.0, 500.0)","[0.018000000000000002, 0.019)",351,,
SinglePhoton_Run2016G,"[400.0, 500.0)","[0.019, 0.02)",129,,
SinglePhoton_Run2016G,"[500.0, 600.0)","[0.0, 0.001)",0,,
SinglePhoton_Run2016G,"[500.0, 600.0)","[0.001, 0.002)",0,,
SinglePhoton_Run2016G,"[500.0, 600.0)","[0.002, 0.003)",0,,
SinglePhoton_Run2016G,"[500.0, 600.0)","[0.003, 0.004)",1,,
SinglePhoton_Run2016G,"[500.0, 600.0)","[0.004, 0.005)",0,,
SinglePhoton_Run2016G,"[500.0, 600.0)","[0.005, 0.006)",1,,
SinglePhoton_Run2016G,"[500.0, 600.0)","[0.006, 0.007)",1,,
SinglePhoton_Run2016G,"[500.0, 600.0)","[0.007, 0.008)",12,,
SinglePhoton_Run2016G,"[500.0, 600.0)","[0.008, 0.009000000000000001)",424,,
SinglePhoton_Run2016G,"[500.0, 600.0)","[0.009000000000000001, 0.01)",838,,
SinglePhoton_Run2016G,"[500.0, 600.0)","[0.01, 0.011)",345,,
SinglePhoton_Run2016G,"[500.0, 600.0)","[0.011, 0.012)",462,,
SinglePhoton_Run2016G,"[500.0, 600.0)","[0.012, 0.013000000000000001)",732,,
SinglePhoton_Run2016G,"[500.0, 600.0)","[0.013000000000000001, 0.014)",704,,
SinglePhoton_Run2016G,"[500.0, 600.0)","[0.014, 0.015)",606,,
SinglePhoton_Run2016G,"[500.0, 600.0)","[0.015, 0.016)",419,,
SinglePhoton_Run2016G,"[500.0, 600.0)","[0.016, 0.017)",257,,
SinglePhoton_Run2016G,"[500.0, 600.0)","[0.017, 0.018000000000000002)",135,,
SinglePhoton_Run2016G,"[500.0, 600.0)","[0.018000000000000002, 0.019)",50,,
SinglePhoton_Run2016G,"[500.0, 600.0)","[0.019, 0.02)",23,,
SinglePhoton_Run2016G,"[600.0, 1000.0)","[0.0, 0.001)",0,,
SinglePhoton_Run2016G,"[600.0, 1000.0)","[0.001, 0.002)",0,,
SinglePhoton_Run2016G,"[600.0, 1000.0)","[0.002, 0.003)",0,,
SinglePhoton_Run2016G,"[600.0, 1000.0)","[0.003, 0.004)",0,,
SinglePhoton_Run2016G,"[600.0, 1000.0)","[0.004, 0.005)",0,,
SinglePhoton_Run2016G,"[600.0, 1000.0)","[0.005, 0.006)",0,,
SinglePhoton_Run2016G,"[600.0, 1000.0)","[0.006, 0.007)",1,,
SinglePhoton_Run2016G,"[600.0, 1000.0)","[0.007, 0.008)",5,,
SinglePhoton_Run2016G,"[600.0, 1000.0)","[0.008, 0.009000000000000001)",211,,
SinglePhoton_Run2016G,"[600.0, 1000.0)","[0.009000000000000001, 0.01)",389,,
SinglePhoton_Run2016G,"[600.0, 1000.0)","[0.01, 0.011)",149,,
SinglePhoton_Run2016G,"[600.0, 1000.0)","[0.011, 0.012)",147,,
SinglePhoton_Run2016G,"[600.0, 1000.0)","[0.012, 0.013000000000000001)",235,,
SinglePhoton_Run2016G,"[600.0, 1000.0)","[0.013000000000000001, 0.014)",237,,
SinglePhoton_Run2016G,"[600.0, 1000.0)","[0.014, 0.015)",187,,
SinglePhoton_Run2016G,"[600.0, 1000.0)","[0.015, 0.016)",145,,
SinglePhoton_Run2016G,"[600.0, 1000.0)","[0.016, 0.017)",87,,
SinglePhoton_Run2016G,"[600.0, 1000.0)","[0.017, 0.018000000000000002)",31,,
SinglePhoton_Run2016G,"[600.0, 1000.0)","[0.018000000000000002, 0.019)",19,,
SinglePhoton_Run2016G,"[600.0, 1000.0)","[0.019, 0.02)",6,,
SinglePhoton_Run2016H,"[200.0, 250.0)","[0.0, 0.001)",2,,
SinglePhoton_Run2016H,"[200.0, 250.0)","[0.001, 0.002)",4,,
SinglePhoton_Run2016H,"[200.0, 250.0)","[0.002, 0.003)",4,,
SinglePhoton_Run2016H,"[200.0, 250.0)","[0.003, 0.004)",4,,
SinglePhoton_Run2016H,"[200.0, 250.0)","[0.004, 0.005)",11,,
SinglePhoton_Run2016H,"[200.0, 250.0)","[0.005, 0.006)",19,,
SinglePhoton_Run2016H,"[200.0, 250.0)","[0.006, 0.007)",124,,
SinglePhoton_Run2016H,"[200.0, 250.0)","[0.007, 0.008)",1249,,
SinglePhoton_Run2016H,"[200.0, 250.0)","[0.008, 0.009000000000000001)",16292,,
SinglePhoton_Run2016H,"[200.0, 250.0)","[0.009000000000000001, 0.01)",26013,,
SinglePhoton_Run2016H,"[200.0, 250.0)","[0.01, 0.011)",17490,,
SinglePhoton_Run2016H,"[200.0, 250.0)","[0.011, 0.012)",16776,,
SinglePhoton_Run2016H,"[200.0, 250.0)","[0.012, 0.013000000000000001)",11779,,
SinglePhoton_Run2016H,"[200.0, 250.0)","[0.013000000000000001, 0.014)",7213,,
SinglePhoton_Run2016H,"[200.0, 250.0)","[0.014, 0.015)",4383,,
SinglePhoton_Run2016H,"[200.0, 250.0)","[0.015, 0.016)",2460,,
SinglePhoton_Run2016H,"[200.0, 250.0)","[0.016, 0.017)",1323,,
SinglePhoton_Run2016H,"[200.0, 250.0)","[0.017, 0.018000000000000002)",744,,
SinglePhoton_Run2016H,"[200.0, 250.0)","[0.018000000000000002, 0.019)",334,,
SinglePhoton_Run2016H,"[200.0, 250.0)","[0.019, 0.02)",141,,
SinglePhoton_Run2016H,"[250.0, 300.0)","[0.0, 0.001)",4,,
SinglePhoton_Run2016H,"[250.0, 300.0)","[0.001, 0.002)",1,,
SinglePhoton_Run2016H,"[250.0, 300.0)","[0.002, 0.003)",6,,
SinglePhoton_Run2016H,"[250.0, 300.0)","[0.003, 0.004)",4,,
SinglePhoton_Run2016H,"[250.0, 300.0)","[0.004, 0.005)",11,,
SinglePhoton_Run2016H,"[250.0, 300.0)","[0.005, 0.006)",23,,
SinglePhoton_Run2016H,"[250.0, 300.0)","[0.006, 0.007)",111,,
SinglePhoton_Run2016H,"[250.0, 300.0)","[0.007, 0.008)",1327,,
SinglePhoton_Run2016H,"[250.0, 300.0)","[0.008, 0.009000000000000001)",19379,,
SinglePhoton_Run2016H,"[250.0, 300.0)","[0.009000000000000001, 0.01)",31719,,
SinglePhoton_Run2016H,"[250.0, 300.0)","[0.01, 0.011)",21670,,
SinglePhoton_Run2016H,"[250.0, 300.0)","[0.011, 0.012)",25995,,
SinglePhoton_Run2016H,"[250.0, 300.0)","[0.012, 0.013000000000000001)",23866,,
SinglePhoton_Run2016H,"[250.0, 300.0)","[0.013000000000000001, 0.014)",16969,,
SinglePhoton_Run2016H,"[250.0, 300.0)","[0.014, 0.015)",10413,,
SinglePhoton_Run2016H,"[250.0, 300.0)","[0.015, 0.016)",6100,,
SinglePhoton_Run2016H,"[250.0, 300.0)","[0.016, 0.017)",3154,,
SinglePhoton_Run2016H,"[250.0, 300.0)","[0.017, 0.018000000000000002)",1466,,
SinglePhoton_Run2016H,"[250.0, 300.0)","[0.018000000000000002, 0.019)",713,,
SinglePhoton_Run2016H,"[250.0, 300.0)","[0.019, 0.02)",276,,
SinglePhoton_Run2016H,"[300.0, 400.0)","[0.0, 0.001)",0,,
SinglePhoton_Run2016H,"[300.0, 400.0)","[0.001, 0.002)",1,,
SinglePhoton_Run2016H,"[300.0, 400.0)","[0.002, 0.003)",1,,
SinglePhoton_Run2016H,"[300.0, 400.0)","[0.003, 0.004)",5,,
SinglePhoton_Run2016H,"[300.0, 400.0)","[0.004, 0.005)",6,,
SinglePhoton_Run2016H,"[300.0, 400.0)","[0.005, 0.006)",11,,
SinglePhoton_Run2016H,"[300.0, 400.0)","[0.006, 0.007)",41,,
SinglePhoton_Run2016H,"[300.0, 400.0)","[0.007, 0.008)",559,,
SinglePhoton_Run2016H,"[300.0, 400.0)","[0.008, 0.009000000000000001)",9972,,
SinglePhoton_Run2016H,"[300.0, 400.0)","[0.009000000000000001, 0.01)",16900,,
SinglePhoton_Run2016H,"[300.0, 400.0)","[0.01, 0.011)",11008,,
SinglePhoton_Run2016H,"[300.0, 400.0)","[0.011, 0.012)",15942,,
SinglePhoton_Run2016H,"[300.0, 400.0)","[0.012, 0.013000000000000001)",22700,,
SinglePhoton_Run2016H,"[300.0, 400.0)","[0.013000000000000001, 0.014)",21019,,
SinglePhoton_Run2016H,"[300.0, 400.0)","[0.014, 0.015)",15694,,
SinglePhoton_Run2016H,"[300.0, 400.0)","[0.015, 0.016)",10899,,
SinglePhoton_Run2016H,"[300.0, 400.0)","[0.016, 0.017)",6575,,
SinglePhoton_Run2016H,"[300.0, 400.0)","[0.017, 0.018000000000000002)",3372,,
SinglePhoton_Run2016H,"[300.0, 400.0)","[0.018000000000000002, 0.019)",1542,,
SinglePhoton_Run2016H,"[300.0, 400.0)","[0.019, 0.02)",622,,
SinglePhoton_Run2016H,"[400.0, 500.0)","[0.0, 0.001)",0,,
SinglePhoton_Run2016H,"[400.0, 500.0)","[0.001, 0.002)",0,,
SinglePhoton_Run2016H,"[400.0, 500.0)","[0.002, 0.003)",1,,
SinglePhoton_Run2016H,"[400.0, 500.0)","[0.003, 0.004)",0,,
SinglePhoton_Run2016H,"[400.0, 500.0)","[0.004, 0.005)",4,,
SinglePhoton_Run2016H,"[400.0, 500.0)","[0.005, 0.006)",2,,
SinglePhoton_Run2016H,"[400.0, 500.0)","[0.006, 0.007)",8,,
SinglePhoton_Run2016H,"[400.0, 500.0)","[0.007, 0.008)",98,,
SinglePhoton_Run2016H,"[400.0, 500.0)","[0.008, 0.009000000000000001)",1955,,
SinglePhoton_Run2016H,"[400.0, 500.0)","[0.009000000000000001, 0.01)",3411,,
SinglePhoton_Run2016H,"[400.0, 500.0)","[0.01, 0.011)",1810,,
SinglePhoton_Run2016H,"[400.0, 500.0)","[0.011, 0.012)",2598,,
SinglePhoton_Run2016H,"[400.0, 500.0)","[0.012, 0.013000000000000001)",4095,,
SinglePhoton_Run2016H,"[400.0, 500.0)","[0.013000000000000001, 0.014)",4354,,
SinglePhoton_Run2016H,"[400.0, 500.0)","[0.014, 0.015)",3432,,
SinglePhoton_Run2016H,"[400.0, 500.0)","[0.015, 0.016)",2445,,
SinglePhoton_Run2016H,"[400.0, 500.0)","[0.016, 0.017)",1580,,
SinglePhoton_Run2016H,"[400.0, 500.0)","[0.017, 0.018000000000000002)",902,,
SinglePhoton_Run2016H,"[400.0, 500.0)","[0.018000000000000002, 0.019)",370,,
SinglePhoton_Run2016H,"[400.0, 500.0)","[0.019, 0.02)",166,,
SinglePhoton_Run2016H,"[500.0, 600.0)","[0.0, 0.001)",0,,
SinglePhoton_Run2016H,"[500.0, 600.0)","[0.001, 0.002)",1,,
SinglePhoton_Run2016H,"[500.0, 600.0)","[0.002, 0.003)",0,,
SinglePhoton_Run2016H,"[500.0, 600.0)","[0.003, 0.004)",0,,
SinglePhoton_Run2016H,"[500.0, 600.0)","[0.004, 0.005)",0,,
SinglePhoton_Run2016H,"[500.0, 600.0)","[0.005, 0.006)",0,,
SinglePhoton_Run2016H,"[500.0, 600.0)","[0.006, 0.007)",3,,
SinglePhoton_Run2016H,"[500.0, 600.0)","[0.007, 0.008)",21,,
SinglePhoton_Run2016H,"[500.0, 600.0)","[0.008, 0.009000000000000001)",470,,
SinglePhoton_Run2016H,"[500.0, 600.0)","[0.009000000000000001, 0.01)",935,,
SinglePhoton_Run2016H,"[500.0, 600.0)","[0.01, 0.011)",421,,
SinglePhoton_Run2016H,"[500.0, 600.0)","[0.011, 0.012)",536,,
SinglePhoton_Run2016H,"[500.0, 600.0)","[0.012, 0.013000000000000001)",851,,
SinglePhoton_Run2016H,"[500.0, 600.0)","[0.013000000000000001, 0.014)",813,,
SinglePhoton_Run2016H,"[500.0, 600.0)","[0.014, 0.015)",654,,
SinglePhoton_Run2016H,"[500.0, 600.0)","[0.015, 0.016)",438,,
SinglePhoton_Run2016H,"[500.0, 600.0)","[0.016, 0.017)",290,,
SinglePhoton_Run2016H,"[500.0, 600.0)","[0.017, 0.018000000000000002)",151,,
SinglePhoton_Run2016H,"[500.0, 600.0)","[0.018000000000000002, 0.019)",56,,
SinglePhoton_Run2016H,"[500.0, 600.0)","[0.019, 0.02)",26,,
SinglePhoton_Run2016H,"[600.0, 1000.0)","[0.0, 0.001)",0,,
SinglePhoton_Run2016H,"[600.0, 1000.0)","[0.001, 0.002)",0,,
SinglePhoton_Run2016H,"[600.0, 1000.0)","[0.002, 0.003)",0,,
SinglePhoton_Run2016H,"[600.0, 1000.0)","[0.003, 0.004)",0,,
SinglePhoton_Run2016H,"[600.0, 1000.0)","[0.004, 0.005)",1,,
SinglePhoton_Run2016H,"[600.0, 1000.0)","[0.005, 0.006)",0,,
SinglePhoton_Run2016H,"[600.0, 1000.0)","[0.006, 0.007)",2,,
SinglePhoton_Run2016H,"[600.0, 1000.0)","[0.007, 0.008)",8,,
SinglePhoton_Run2016H,"[600.0, 1000.0)","[0.008, 0.009000000000000001)",239,,
SinglePhoton_Run2016H,"[600.0, 1000.0)","[0.009000000000000001, 0.01)",473,,
SinglePhoton_Run2016H,"[600.0, 1000.0)","[0.01, 0.011)",164,,
SinglePhoton_Run2016H,"[600.0, 1000.0)","[0.011, 0.012)",170,,
SinglePhoton_Run2016H,"[600.0, 1000.0)","[0.012, 0.013000000000000001)",288,,
SinglePhoton_Run2016H,"[600.0, 1000.0)","[0.013000000000000001, 0.014)",275,,
SinglePhoton_Run2016H,"[600.0, 1000.0)","[0.014, 0.015)",217,,
SinglePhoton_Run2016H,"[600.0, 1000.0)","[0.015, 0.016)",124,,
SinglePhoton_Run2016H,"[600.0, 1000.0)","[0.016, 0.017)",89,,
SinglePhoton_Run2016H,"[600.0, 1000.0)","[0.017, 0.018000000000000002)",42,,
SinglePhoton_Run2016H,"[600.0, 1000.0)","[0.018000000000000002, 0.019)",17,,
SinglePhoton_Run2016H,"[600.0, 1000.0)","[0.019, 0.02)",6,,
