dataset,sublFatJet_eta,n,weight_nominal:sumw,weight_nominal:sumw2
SVJ_Esh_mZp-1000_mD-20_rinv-0p3_aD-peak,"[-inf, -4.0)",0,0,0
SVJ_Esh_mZp-1000_mD-20_rinv-0p3_aD-peak,"[-4.0, -3.8)",0,0,0
SVJ_Esh_mZp-1000_mD-20_rinv-0p3_aD-peak,"[-3.8, -3.6)",0,0,0
SVJ_Esh_mZp-1000_mD-20_rinv-0p3_aD-peak,"[-3.6, -3.4)",0,0,0
SVJ_Esh_mZp-1000_mD-20_rinv-0p3_aD-peak,"[-3.4, -3.2)",1,0.00025660713436082006,6.5847224561821349e-08
SVJ_Esh_mZp-1000_mD-20_rinv-0p3_aD-peak,"[-3.2, -3.0)",5,0.0012830356135964394,3.2923611570367939e-07
SVJ_Esh_mZp-1000_mD-20_rinv-0p3_aD-peak,"[-3.0, -2.8)",14,0.0035924999974668026,9.218611580763536e-07
SVJ_Esh_mZp-1000_mD-20_rinv-0p3_aD-peak,"[-2.8, -2.5999999999999996)",37,0.0094944639131426811,2.4363473585253814e-06
SVJ_Esh_mZp-1000_mD-20_rinv-0p3_aD-peak,"[-2.5999999999999996, -2.4)",39,0.0094944639131426811,2.5680417365947505e-06
SVJ_Esh_mZp-1000_mD-20_rinv-0p3_aD-peak,"[-2.4, -2.2)",61,0.015653034672141075,4.0166805774788372e-06
SVJ_Esh_mZp-1000_mD-20_rinv-0p3_aD-peak,"[-2.2, -2.0)",95,0.024377677589654922,6.255486368900165e-06
SVJ_Esh_mZp-1000_mD-20_rinv-0p3_aD-peak,"[-2.0, -1.7999999999999998)",161,0.041313748806715012,1.06014031189261e-05
SVJ_Esh_mZp-1000_mD-20_rinv-0p3_aD-peak,"[-1.7999999999999998, -1.5999999999999996)",193,0.049011964350938797,1.2708514077530708e-05
SVJ_Esh_mZp-1000_mD-20_rinv-0p3_aD-peak,"[-1.5999999999999996, -1.4)",258,0.066204637289047241,1.6988584320642985e-05
SVJ_Esh_mZp-1000_mD-20_rinv-0p3_aD-peak,"[-1.4, -1.1999999999999997)",304,0.077495351433753967,2.0017556380480528e-05
SVJ_Esh_mZp-1000_mD-20_rinv-0p3_aD-peak,"[-1.1999999999999997, -1.0)",401,0.1028994619846344,2.6404737582197413e-05
SVJ_Esh_mZp-1000_mD-20_rinv-0p3_aD-peak,"[-1.0, -0.7999999999999998)",441,0.11316374689340591,2.9038625143584795e-05
SVJ_Esh_mZp-1000_mD-20_rinv-0p3_aD-peak,"[-0.7999999999999998, -0.5999999999999996)",443,0.11367695778608322,2.9170319976401515e-05
SVJ_Esh_mZp-1000_mD-20_rinv-0p3_aD-peak,"[-0.5999999999999996, -0.3999999999999999)",475,0.12188839167356491,3.1277431844500825e-05
SVJ_Esh_mZp-1000_mD-20_rinv-0p3_aD-peak,"[-0.3999999999999999, -0.19999999999999973)",485,0.12394124269485474,3.1935902370605618e-05
SVJ_Esh_mZp-1000_mD-20_rinv-0p3_aD-peak,"[-0.19999999999999973, 0.0)",516,0.13240927457809448,3.3977168641285971e-05
SVJ_Esh_mZp-1000_mD-20_rinv-0p3_aD-peak,"[0.0, 0.20000000000000018)",514,0.13189606368541718,3.3845473808469251e-05
SVJ_Esh_mZp-1000_mD-20_rinv-0p3_aD-peak,"[0.20000000000000018, 0.40000000000000036)",491,0.12599410116672516,3.2330986869055778e-05
SVJ_Esh_mZp-1000_mD-20_rinv-0p3_aD-peak,"[0.40000000000000036, 0.6000000000000005)",519,0.13317909836769104,3.4174710890511051e-05
SVJ_Esh_mZp-1000_mD-20_rinv-0p3_aD-peak,"[0.6000000000000005, 0.8000000000000007)",434,0.11136749386787415,2.8577695047715679e-05
SVJ_Esh_mZp-1000_mD-20_rinv-0p3_aD-peak,"[0.8000000000000007, 1.0)",407,0.10392589122056961,2.6799820261658169e-05
SVJ_Esh_mZp-1000_mD-20_rinv-0p3_aD-peak,"[1.0, 1.2000000000000002)",369,0.094688035547733307,2.4297625714098103e-05
SVJ_Esh_mZp-1000_mD-20_rinv-0p3_aD-peak,"[1.2000000000000002, 1.4000000000000004)",324,0.08314070850610733,2.1334501070668921e-05
SVJ_Esh_mZp-1000_mD-20_rinv-0p3_aD-peak,"[1.4000000000000004, 1.6000000000000005)",253,0.064921602606773376,1.6659347238601185e-05
SVJ_Esh_mZp-1000_mD-20_rinv-0p3_aD-peak,"[1.6000000000000005, 1.8000000000000007)",191,0.049011964350938797,1.257682015420869e-05
SVJ_Esh_mZp-1000_mD-20_rinv-0p3_aD-peak,"[1.8000000000000007, 2.0)",181,0.045932676643133163,1.1918347809114493e-05
SVJ_Esh_mZp-1000_mD-20_rinv-0p3_aD-peak,"[2.0, 2.2)",95,0.024377677589654922,6.255486368900165e-06
SVJ_Esh_mZp-1000_mD-20_rinv-0p3_aD-peak,"[2.2, 2.4000000000000004)",70,0.017962498590350151,4.6093055061646737e-06
SVJ_Esh_mZp-1000_mD-20_rinv-0p3_aD-peak,"[2.4000000000000004, 2.6000000000000005)",60,0.015396428294479847,3.9508336158178281e-06
SVJ_Esh_mZp-1000_mD-20_rinv-0p3_aD-peak,"[2.6000000000000005, 2.8000000000000007)",28,0.0071849999949336052,1.8437223161527072e-06
SVJ_Esh_mZp-1000_mD-20_rinv-0p3_aD-peak,"[2.8000000000000007, 3.0)",10,0.0025660712271928787,6.5847223140735878e-07
SVJ_Esh_mZp-1000_mD-20_rinv-0p3_aD-peak,"[3.0, 3.2)",2,0.00051321426872164011,1.316944491236427e-07
SVJ_Esh_mZp-1000_mD-20_rinv-0p3_aD-peak,"[3.2, 3.4000000000000004)",3,0.00076982140308246017,1.9754168079089141e-07
SVJ_Esh_mZp-1000_mD-20_rinv-0p3_aD-peak,"[3.4000000000000004, 3.6000000000000005)",1,0.00025660713436082006,6.5847224561821349e-08
SVJ_Esh_mZp-1000_mD-20_rinv-0p3_aD-peak,"[3.6000000000000005, 3.8000000000000007)",1,0.00025660713436082006,6.5847224561821349e-08
SVJ_Esh_mZp-1000_mD-20_rinv-0p3_aD-peak,"[3.8000000000000007, 4.0)",0,0,0
SVJ_Esh_mZp-1000_mD-20_rinv-0p3_aD-peak,"[4.0, inf)",0,0,0
SVJ_Esh_mZp-3000_mD-20_rinv-0p1_aD-peak,"[-inf, -4.0)",0,0,0
SVJ_Esh_mZp-3000_mD-20_rinv-0p1_aD-peak,"[-4.0, -3.8)",0,0,0
SVJ_Esh_mZp-3000_mD-20_rinv-0p1_aD-peak,"[-3.8, -3.6)",0,0,0
SVJ_Esh_mZp-3000_mD-20_rinv-0p1_aD-peak,"[-3.6, -3.4)",1,7.2715329224593006e-07,5.2875190120413307e-13
SVJ_Esh_mZp-3000_mD-20_rinv-0p1_aD-peak,"[-3.4, -3.2)",3,2.1814598767377902e-06,1.5862556494022906e-12
SVJ_Esh_mZp-3000_mD-20_rinv-0p1_aD-peak,"[-3.2, -3.0)",7,5.0900730457215104e-06,3.7012632542188229e-12
SVJ_Esh_mZp-3000_mD-20_rinv-0p1_aD-peak,"[-3.0, -2.8)",19,1.381591209792532e-05,1.0046285851827985e-11
SVJ_Esh_mZp-3000_mD-20_rinv-0p1_aD-peak,"[-2.8, -2.5999999999999996)",49,3.563050995580852e-05,2.590884277953176e-11
SVJ_Esh_mZp-3000_mD-20_rinv-0p1_aD-peak,"[-2.5999999999999996, -2.4)",64,4.6537810703739524e-05,3.3840121677064516e-11
SVJ_Esh_mZp-3000_mD-20_rinv-0p1_aD-peak,"[-2.4, -2.2)",141,9.8165692179463804e-05,7.4554015738748092e-11
SVJ_Esh_mZp-3000_mD-20_rinv-0p1_aD-peak,"[-2.2, -2.0)",189,0.00013597766519524157,9.9934109598631693e-11
SVJ_Esh_mZp-3000_mD-20_rinv-0p1_aD-peak,"[-2.0, -1.7999999999999998)",285,0.00020287577353883535,1.5069429037950499e-10
SVJ_Esh_mZp-3000_mD-20_rinv-0p1_aD-peak,"[-1.7999999999999998, -1.5999999999999996)",442,0.00031703882268629968,2.3370833046598705e-10
SVJ_Esh_mZp-3000_mD-20_rinv-0p1_aD-peak,"[-1.5999999999999996, -1.4)",569,0.00040066146175377071,3.0085983704353225e-10
SVJ_Esh_mZp-3000_mD-20_rinv-0p1_aD-peak,"[-1.4, -1.1999999999999997)",687,0.00048646554932929575,3.6325256691505103e-10
SVJ_Esh_mZp-3000_mD-20_rinv-0p1_aD-peak,"[-1.1999999999999997, -1.0)",951,0.00067697971826419234,5.0284304498049437e-10
SVJ_Esh_mZp-3000_mD-20_rinv-0p1_aD-peak,"[-1.0, -0.7999999999999998)",1060,0.00075914803892374039,5.6047699814598673e-10
SVJ_Esh_mZp-3000_mD-20_rinv-0p1_aD-peak,"[-0.7999999999999998, -0.5999999999999996)",1292,0.00093075621407479048,6.8314748302711337e-10
SVJ_Esh_mZp-3000_mD-20_rinv-0p1_aD-peak,"[-0.5999999999999996, -0.3999999999999999)",1451,0.0010405563516542315,7.6721901054455088e-10
SVJ_Esh_mZp-3000_mD-20_rinv-0p1_aD-peak,"[-0.3999999999999999, -0.19999999999999973)",1562,0.0011227247305214405,8.259104511409987e-10
SVJ_Esh_mZp-3000_mD-20_rinv-0p1_aD-peak,"[-0.19999999999999973, 0.0)",1574,0.0011241789907217026,8.3225548674903393e-10
SVJ_Esh_mZp-3000_mD-20_rinv-0p1_aD-peak,"[0.0, 0.20000000000000018)",1567,0.0011249061208218336,8.2855422522953859e-10
SVJ_Esh_mZp-3000_mD-20_rinv-0p1_aD-peak,"[0.20000000000000018, 0.40000000000000036)",1531,0.0010972743621096015,8.0951917391658412e-10
SVJ_Esh_mZp-3000_mD-20_rinv-0p1_aD-peak,"[0.40000000000000036, 0.6000000000000005)",1397,0.0010012900456786156,7.3866640581954357e-10
SVJ_Esh_mZp-3000_mD-20_rinv-0p1_aD-peak,"[0.6000000000000005, 0.8000000000000007)",1247,0.00089948863023892045,6.5935362725255686e-10
SVJ_Esh_mZp-3000_mD-20_rinv-0p1_aD-peak,"[0.8000000000000007, 1.0)",1098,0.00079114281106740236,5.8056959240104788e-10
SVJ_Esh_mZp-3000_mD-20_rinv-0p1_aD-peak,"[1.0, 1.2000000000000002)",984,0.00070097576826810837,5.2029186514701564e-10
SVJ_Esh_mZp-3000_mD-20_rinv-0p1_aD-peak,"[1.2000000000000002, 1.4000000000000004)",705,0.00050973444012925029,3.7277009257152827e-10
SVJ_Esh_mZp-3000_mD-20_rinv-0p1_aD-peak,"[1.4000000000000004, 1.6000000000000005)",548,0.0003868455532938242,2.8975605248504621e-10
SVJ_Esh_mZp-3000_mD-20_rinv-0p1_aD-peak,"[1.6000000000000005, 1.8000000000000007)",392,0.00028358979034237564,2.0727074223625408e-10
SVJ_Esh_mZp-3000_mD-20_rinv-0p1_aD-peak,"[1.8000000000000007, 2.0)",278,0.00019778570276685059,1.4699302886000964e-10
SVJ_Esh_mZp-3000_mD-20_rinv-0p1_aD-peak,"[2.0, 2.2)",184,0.00013088759442325681,9.7290349387879616e-11
SVJ_Esh_mZp-3000_mD-20_rinv-0p1_aD-peak,"[2.2, 2.4000000000000004)",101,7.3442482971586287e-05,5.3403940991625376e-11
SVJ_Esh_mZp-3000_mD-20_rinv-0p1_aD-peak,"[2.4000000000000004, 2.6000000000000005)",58,4.2174891859758645e-05,3.0667610811940804e-11
SVJ_Esh_mZp-3000_mD-20_rinv-0p1_aD-peak,"[2.6000000000000005, 2.8000000000000007)",47,3.2721898605814204e-05,2.4851339736065015e-11
SVJ_Esh_mZp-3000_mD-20_rinv-0p1_aD-peak,"[2.8000000000000007, 3.0)",18,1.3088759260426741e-05,9.5175343300946125e-12
SVJ_Esh_mZp-3000_mD-20_rinv-0p1_aD-peak,"[3.0, 3.2)",6,4.3629197534755804e-06,3.1725112988045812e-12
SVJ_Esh_mZp-3000_mD-20_rinv-0p1_aD-peak,"[3.2, 3.4000000000000004)",4,2.9086131689837202e-06,2.1150076048165323e-12
SVJ_Esh_mZp-3000_mD-20_rinv-0p1_aD-peak,"[3.4000000000000004, 3.6000000000000005)",1,7.2715329224593006e-07,5.2875190120413307e-13
SVJ_Esh_mZp-3000_mD-20_rinv-0p1_aD-peak,"[3.6000000000000005, 3.8000000000000007)",0,0,0
SVJ_Esh_mZp-3000_mD-20_rinv-0p1_aD-peak,"[3.8000000000000007, 4.0)",0,0,0
SVJ_Esh_mZp-3000_mD-20_rinv-0p1_aD-peak,"[4.0, inf)",0,0,0
SVJ_Esh_mZp-3000_mD-20_rinv-0p9_aD-peak,"[-inf, -4.0)",0,0,0
SVJ_Esh_mZp-3000_mD-20_rinv-0p9_aD-peak,"[-4.0, -3.8)",0,0,0
SVJ_Esh_mZp-3000_mD-20_rinv-0p9_aD-peak,"[-3.8, -3.6)",0,0,0
SVJ_Esh_mZp-3000_mD-20_rinv-0p9_aD-peak,"[-3.6, -3.4)",0,0,0
SVJ_Esh_mZp-3000_mD-20_rinv-0p9_aD-peak,"[-3.4, -3.2)",0,0,0
SVJ_Esh_mZp-3000_mD-20_rinv-0p9_aD-peak,"[-3.2, -3.0)",0,0,0
SVJ_Esh_mZp-3000_mD-20_rinv-0p9_aD-peak,"[-3.0, -2.8)",1,9.7835004453372676e-07,9.5716880602059184e-13
SVJ_Esh_mZp-3000_mD-20_rinv-0p9_aD-peak,"[-2.8, -2.5999999999999996)",2,1.9567000890674535e-06,1.9143376120411837e-12
SVJ_Esh_mZp-3000_mD-20_rinv-0p9_aD-peak,"[-2.5999999999999996, -2.4)",7,6.8484505391097628e-06,6.7001816421441429e-12
SVJ_Esh_mZp-3000_mD-20_rinv-0p9_aD-peak,"[-2.4, -2.2)",14,1.1740200534404721e-05,1.3400363284288286e-11
SVJ_Esh_mZp-3000_mD-20_rinv-0p9_aD-peak,"[-2.2, -2.0)",10,9.7834999905899167e-06,9.5716880602059184e-12
SVJ_Esh_mZp-3000_mD-20_rinv-0p9_aD-peak,"[-2.0, -1.7999999999999998)",30,2.7393802156439051e-05,2.8715065047979493e-11
SVJ_Esh_mZp-3000_mD-20_rinv-0p9_aD-peak,"[-1.7999999999999998, -1.5999999999999996)",25,2.2502050342154689e-05,2.3929219716833927e-11
SVJ_Esh_mZp-3000_mD-20_rinv-0p9_aD-peak,"[-1.5999999999999996, -1.4)",44,4.3047402868978679e-05,4.2115429199629517e-11
SVJ_Esh_mZp-3000_mD-20_rinv-0p9_aD-peak,"[-1.4, -1.1999999999999997)",54,5.2830902859568596e-05,5.1687116392473698e-11
SVJ_Esh_mZp-3000_mD-20_rinv-0p9_aD-peak,"[-1.1999999999999997, -1.0)",81,7.7289652836043388e-05,7.7530676323434022e-11
SVJ_Esh_mZp-3000_mD-20_rinv-0p9_aD-peak,"[-1.0, -0.7999999999999998)",91,8.7073152826633304e-05,8.7102360046831251e-11
SVJ_Esh_mZp-3000_mD-20_rinv-0p9_aD-peak,"[-0.7999999999999998, -0.5999999999999996)",99,9.6856652817223221e-05,9.4759713964442938e-11
SVJ_Esh_mZp-3000_mD-20_rinv-0p9_aD-peak,"[-0.5999999999999996, -0.3999999999999999)",111,0.00010468345135450363,1.0624573443251961e-10
SVJ_Esh_mZp-3000_mD-20_rinv-0p9_aD-peak,"[-0.3999999999999999, -0.19999999999999973)",146,0.00013892570859752595,1.3974664481164467e-10
SVJ_Esh_mZp-3000_mD-20_rinv-0p9_aD-peak,"[-0.19999999999999973, 0.0)",128,0.00012522880570031703,1.2251760717063576e-10
SVJ_Esh_mZp-3000_mD-20_rinv-0p9_aD-peak,"[0.0, 0.20000000000000018)",134,0.00012718549987766892,1.28260624343568e-10
SVJ_Esh_mZp-3000_mD-20_rinv-0p9_aD-peak,"[0.20000000000000018, 0.40000000000000036)",132,0.00012718549987766892,1.2634628065999465e-10
SVJ_Esh_mZp-3000_mD-20_rinv-0p9_aD-peak,"[0.40000000000000036, 0.6000000000000005)",114,0.0001095752086257562,1.0911724301898573e-10
SVJ_Esh_mZp-3000_mD-20_rinv-0p9_aD-peak,"[0.6000000000000005, 0.8000000000000007)",110,0.00010566180571913719,1.0528856952962684e-10
SVJ_Esh_mZp-3000_mD-20_rinv-0p9_aD-peak,"[0.8000000000000007, 1.0)",82,8.022470137802884e-05,7.8487841226326793e-11
SVJ_Esh_mZp-3000_mD-20_rinv-0p9_aD-peak,"[1.0, 1.2000000000000002)",90,8.8051507191266865e-05,8.614519514393848e-11
SVJ_Esh_mZp-3000_mD-20_rinv-0p9_aD-peak,"[1.2000000000000002, 1.4000000000000004)",77,7.3376249929424375e-05,7.3701995895181227e-11
SVJ_Esh_mZp-3000_mD-20_rinv-0p9_aD-peak,"[1.4000000000000004, 1.6000000000000005)",56,5.4787604312878102e-05,5.3601453137153143e-11
SVJ_Esh_mZp-3000_mD-20_rinv-0p9_aD-peak,"[1.6000000000000005, 1.8000000000000007)",38,3.3263902878388762e-05,3.6372415496144228e-11
SVJ_Esh_mZp-3000_mD-20_rinv-0p9_aD-peak,"[1.8000000000000007, 2.0)",25,2.2502050342154689e-05,2.3929219716833927e-11
SVJ_Esh_mZp-3000_mD-20_rinv-0p9_aD-peak,"[2.0, 2.2)",17,1.6631951439194381e-05,1.6271869268669192e-11
SVJ_Esh_mZp-3000_mD-20_rinv-0p9_aD-peak,"[2.2, 2.4000000000000004)",14,1.3696901078219526e-05,1.3400363284288286e-11
SVJ_Esh_mZp-3000_mD-20_rinv-0p9_aD-peak,"[2.4000000000000004, 2.6000000000000005)",8,5.8701002672023606e-06,7.6573504481647348e-12
SVJ_Esh_mZp-3000_mD-20_rinv-0p9_aD-peak,"[2.6000000000000005, 2.8000000000000007)",6,5.8701002672023606e-06,5.7430128361235511e-12
SVJ_Esh_mZp-3000_mD-20_rinv-0p9_aD-peak,"[2.8000000000000007, 3.0)",1,9.7835004453372676e-07,9.5716880602059184e-13
SVJ_Esh_mZp-3000_mD-20_rinv-0p9_aD-peak,"[3.0, 3.2)",3,2.9350501336011803e-06,2.8715064180617755e-12
SVJ_Esh_mZp-3000_mD-20_rinv-0p9_aD-peak,"[3.2, 3.4000000000000004)",2,1.9567000890674535e-06,1.9143376120411837e-12
SVJ_Esh_mZp-3000_mD-20_rinv-0p9_aD-peak,"[3.4000000000000004, 3.6000000000000005)",1,9.7835004453372676e-07,9.5716880602059184e-13
SVJ_Esh_mZp-3000_mD-20_rinv-0p9_aD-peak,"[3.6000000000000005, 3.8000000000000007)",0,0,0
SVJ_Esh_mZp-3000_mD-20_rinv-0p9_aD-peak,"[3.8000000000000007, 4.0)",0,0,0
SVJ_Esh_mZp-3000_mD-20_rinv-0p9_aD-peak,"[4.0, inf)",0,0,0
SVJ_Kevin_mZprime-1000_mDark-20_rinv-0.3_alpha-peak,"[-inf, -4.0)",0,0,0
SVJ_Kevin_mZprime-1000_mDark-20_rinv-0.3_alpha-peak,"[-4.0, -3.8)",0,0,0
SVJ_Kevin_mZprime-1000_mDark-20_rinv-0.3_alpha-peak,"[-3.8, -3.6)",1,9.3732218374498188e-05,8.7857285890891035e-09
SVJ_Kevin_mZprime-1000_mDark-20_rinv-0.3_alpha-peak,"[-3.6, -3.4)",0,0,0
SVJ_Kevin_mZprime-1000_mDark-20_rinv-0.3_alpha-peak,"[-3.4, -3.2)",2,0.00018746443674899638,1.7571457178178207e-08
SVJ_Kevin_mZprime-1000_mDark-20_rinv-0.3_alpha-peak,"[-3.2, -3.0)",8,0.00074985774699598551,7.0285828712712828e-08
SVJ_Kevin_mZprime-1000_mDark-20_rinv-0.3_alpha-peak,"[-3.0, -2.8)",27,0.0025307699106633663,2.3721467812265473e-07
SVJ_Kevin_mZprime-1000_mDark-20_rinv-0.3_alpha-peak,"[-2.8, -2.5999999999999996)",66,0.0061863265000283718,5.798580673399556e-07
SVJ_Kevin_mZprime-1000_mDark-20_rinv-0.3_alpha-peak,"[-2.5999999999999996, -2.4)",128,0.011997723951935768,1.1245732594034052e-06
SVJ_Kevin_mZprime-1000_mDark-20_rinv-0.3_alpha-peak,"[-2.4, -2.2)",182,0.017059262841939926,1.5990026440704241e-06
SVJ_Kevin_mZprime-1000_mDark-20_rinv-0.3_alpha-peak,"[-2.2, -2.0)",261,0.024464109912514687,2.2930751129024429e-06
SVJ_Kevin_mZprime-1000_mDark-20_rinv-0.3_alpha-peak,"[-2.0, -1.7999999999999998)",383,0.035899437963962555,3.3649339457042515e-06
SVJ_Kevin_mZprime-1000_mDark-20_rinv-0.3_alpha-peak,"[-1.7999999999999998, -1.5999999999999996)",505,0.047334771603345871,4.4367930058797356e-06
SVJ_Kevin_mZprime-1000_mDark-20_rinv-0.3_alpha-peak,"[-1.5999999999999996, -1.4)",582,0.054552152752876282,5.1132942644471768e-06
SVJ_Kevin_mZprime-1000_mDark-20_rinv-0.3_alpha-peak,"[-1.4, -1.1999999999999997)",775,0.07264246791601181,6.8089398155279923e-06
SVJ_Kevin_mZprime-1000_mDark-20_rinv-0.3_alpha-peak,"[-1.1999999999999997, -1.0)",903,0.084640190005302429,7.9335131886182353e-06
SVJ_Kevin_mZprime-1000_mDark-20_rinv-0.3_alpha-peak,"[-1.0, -0.7999999999999998)",1060,0.09935615211725235,9.3128719527157955e-06
SVJ_Kevin_mZprime-1000_mDark-20_rinv-0.3_alpha-peak,"[-0.7999999999999998, -0.5999999999999996)",1092,0.10235558450222015,9.5940158644225448e-06
SVJ_Kevin_mZprime-1000_mDark-20_rinv-0.3_alpha-peak,"[-0.5999999999999996, -0.3999999999999999)",1195,0.11201000213623047,1.0498945812287275e-05
SVJ_Kevin_mZprime-1000_mDark-20_rinv-0.3_alpha-peak,"[-0.3999999999999999, -0.19999999999999973)",1278,0.11978977173566818,1.1228161383769475e-05
SVJ_Kevin_mZprime-1000_mDark-20_rinv-0.3_alpha-peak,"[-0.19999999999999973, 0.0)",1250,0.11716527491807938,1.0982160347339232e-05
SVJ_Kevin_mZprime-1000_mDark-20_rinv-0.3_alpha-peak,"[0.0, 0.20000000000000018)",1262,0.11829005926847458,1.1087589882663451e-05
SVJ_Kevin_mZprime-1000_mDark-20_rinv-0.3_alpha-peak,"[0.20000000000000018, 0.40000000000000036)",1248,0.11697781085968018,1.0964588909700979e-05
SVJ_Kevin_mZprime-1000_mDark-20_rinv-0.3_alpha-peak,"[0.40000000000000036, 0.6000000000000005)",1172,0.10985416173934937,1.0296874279447366e-05
SVJ_Kevin_mZprime-1000_mDark-20_rinv-0.3_alpha-peak,"[0.6000000000000005, 0.8000000000000007)",1148,0.10760458558797836,1.0086016118293628e-05
SVJ_Kevin_mZprime-1000_mDark-20_rinv-0.3_alpha-peak,"[0.8000000000000007, 1.0)",1053,0.09870002418756485,9.2513719209819101e-06
SVJ_Kevin_mZprime-1000_mDark-20_rinv-0.3_alpha-peak,"[1.0, 1.2000000000000002)",904,0.084733925759792328,7.9422989074373618e-06
SVJ_Kevin_mZprime-1000_mDark-20_rinv-0.3_alpha-peak,"[1.2000000000000002, 1.4000000000000004)",807,0.075641900300979614,7.0900828177400399e-06
SVJ_Kevin_mZprime-1000_mDark-20_rinv-0.3_alpha-peak,"[1.4000000000000004, 1.6000000000000005)",669,0.062706850469112396,5.8776522564585321e-06
SVJ_Kevin_mZprime-1000_mDark-20_rinv-0.3_alpha-peak,"[1.6000000000000005, 1.8000000000000007)",524,0.049115683883428574,4.6037216634431388e-06
SVJ_Kevin_mZprime-1000_mDark-20_rinv-0.3_alpha-peak,"[1.8000000000000007, 2.0)",338,0.031681489199399948,2.9695763714698842e-06
SVJ_Kevin_mZprime-1000_mDark-20_rinv-0.3_alpha-peak,"[2.0, 2.2)",263,0.024651573970913887,2.3106465505406959e-06
SVJ_Kevin_mZprime-1000_mDark-20_rinv-0.3_alpha-peak,"[2.2, 2.4000000000000004)",199,0.018652711063623428,1.7483599776824121e-06
SVJ_Kevin_mZprime-1000_mDark-20_rinv-0.3_alpha-peak,"[2.4000000000000004, 2.6000000000000005)",124,0.011622794903814793,1.0894303841268993e-06
SVJ_Kevin_mZprime-1000_mDark-20_rinv-0.3_alpha-peak,"[2.6000000000000005, 2.8000000000000007)",69,0.0064675230532884598,6.0621528064075392e-07
SVJ_Kevin_mZprime-1000_mDark-20_rinv-0.3_alpha-peak,"[2.8000000000000007, 3.0)",21,0.0019683765713125467,1.8450029415362224e-07
SVJ_Kevin_mZprime-1000_mDark-20_rinv-0.3_alpha-peak,"[3.0, 3.2)",15,0.0014059832319617271,1.3178592439544445e-07
SVJ_Kevin_mZprime-1000_mDark-20_rinv-0.3_alpha-peak,"[3.2, 3.4000000000000004)",5,0.00046866107732057571,4.3928643833623937e-08
SVJ_Kevin_mZprime-1000_mDark-20_rinv-0.3_alpha-peak,"[3.4000000000000004, 3.6000000000000005)",1,9.3732218374498188e-05,8.7857285890891035e-09
SVJ_Kevin_mZprime-1000_mDark-20_rinv-0.3_alpha-peak,"[3.6000000000000005, 3.8000000000000007)",0,0,0
SVJ_Kevin_mZprime-1000_mDark-20_rinv-0.3_alpha-peak,"[3.8000000000000007, 4.0)",0,0,0
SVJ_Kevin_mZprime-1000_mDark-20_rinv-0.3_alpha-peak,"[4.0, inf)",0,0,0
SVJ_Kevin_mZprime-3000_mDark-20_rinv-0.1_alpha-peak,"[-inf, -4.0)",0,0,0
SVJ_Kevin_mZprime-3000_mDark-20_rinv-0.1_alpha-peak,"[-4.0, -3.8)",0,0,0
SVJ_Kevin_mZprime-3000_mDark-20_rinv-0.1_alpha-peak,"[-3.8, -3.6)",0,0,0
SVJ_Kevin_mZprime-3000_mDark-20_rinv-0.1_alpha-peak,"[-3.6, -3.4)",4,1.2451798738766229e-06,3.8761824154055768e-13
SVJ_Kevin_mZprime-3000_mDark-20_rinv-0.1_alpha-peak,"[-3.4, -3.2)",6,1.8677698108149343e-06,5.8142737586336368e-13
SVJ_Kevin_mZprime-3000_mDark-20_rinv-0.1_alpha-peak,"[-3.2, -3.0)",18,5.6033095461316407e-06,1.744282127590091e-12
SVJ_Kevin_mZprime-3000_mDark-20_rinv-0.1_alpha-peak,"[-3.0, -2.8)",33,1.0272733561578207e-05,3.1978504046181744e-12
SVJ_Kevin_mZprime-3000_mDark-20_rinv-0.1_alpha-peak,"[-2.8, -2.5999999999999996)",92,2.8639136871788651e-05,8.9152192572772293e-12
SVJ_Kevin_mZprime-3000_mDark-20_rinv-0.1_alpha-peak,"[-2.5999999999999996, -2.4)",166,5.1674964197445661e-05,1.6086156712225019e-11
SVJ_Kevin_mZprime-3000_mDark-20_rinv-0.1_alpha-peak,"[-2.4, -2.2)",285,8.871906902641058e-05,2.7617800407719884e-11
SVJ_Kevin_mZprime-3000_mDark-20_rinv-0.1_alpha-peak,"[-2.2, -2.0)",482,0.00015004417218733579,4.6707998579975651e-11
SVJ_Kevin_mZprime-3000_mDark-20_rinv-0.1_alpha-peak,"[-2.0, -1.7999999999999998)",708,0.00022039683244656771,6.8608431436079087e-11
SVJ_Kevin_mZprime-3000_mDark-20_rinv-0.1_alpha-peak,"[-1.7999999999999998, -1.5999999999999996)",1088,0.00033868892933242023,1.054321630000743e-10
SVJ_Kevin_mZprime-3000_mDark-20_rinv-0.1_alpha-peak,"[-1.5999999999999996, -1.4)",1400,0.00043581295176409185,1.3566638090711791e-10
SVJ_Kevin_mZprime-3000_mDark-20_rinv-0.1_alpha-peak,"[-1.4, -1.1999999999999997)",1765,0.00054943561553955078,1.7103654603722873e-10
SVJ_Kevin_mZprime-3000_mDark-20_rinv-0.1_alpha-peak,"[-1.1999999999999997, -1.0)",2198,0.00068422633921727538,2.1299621788539724e-10
SVJ_Kevin_mZprime-3000_mDark-20_rinv-0.1_alpha-peak,"[-1.0, -0.7999999999999998)",2593,0.00080718786921352148,2.5127352976106465e-10
SVJ_Kevin_mZprime-3000_mDark-20_rinv-0.1_alpha-peak,"[-0.7999999999999998, -0.5999999999999996)",2850,0.00088719063205644488,2.7617799713830493e-10
SVJ_Kevin_mZprime-3000_mDark-20_rinv-0.1_alpha-peak,"[-0.5999999999999996, -0.3999999999999999)",3157,0.0009827582398429513,3.0592769983961432e-10
SVJ_Kevin_mZprime-3000_mDark-20_rinv-0.1_alpha-peak,"[-0.3999999999999999, -0.19999999999999973)",3417,0.0010636949446052313,3.311228791158527e-10
SVJ_Kevin_mZprime-3000_mDark-20_rinv-0.1_alpha-peak,"[-0.19999999999999973, 0.0)",3574,0.0011125681921839714,3.4633690360053038e-10
SVJ_Kevin_mZprime-3000_mDark-20_rinv-0.1_alpha-peak,"[0.0, 0.20000000000000018)",3560,0.0011082100681960583,3.4498023882001405e-10
SVJ_Kevin_mZprime-3000_mDark-20_rinv-0.1_alpha-peak,"[0.20000000000000018, 0.40000000000000036)",3321,0.001033810549415648,3.2182004283676235e-10
SVJ_Kevin_mZprime-3000_mDark-20_rinv-0.1_alpha-peak,"[0.40000000000000036, 0.6000000000000005)",3215,0.0010008133249357343,3.1154814839062794e-10
SVJ_Kevin_mZprime-3000_mDark-20_rinv-0.1_alpha-peak,"[0.6000000000000005, 0.8000000000000007)",2948,0.00091769755817949772,2.8567465060191921e-10
SVJ_Kevin_mZprime-3000_mDark-20_rinv-0.1_alpha-peak,"[0.8000000000000007, 1.0)",2576,0.00080189586151391268,2.4962615308155023e-10
SVJ_Kevin_mZprime-3000_mDark-20_rinv-0.1_alpha-peak,"[1.0, 1.2000000000000002)",2216,0.00068982964148744941,2.1474050315717363e-10
SVJ_Kevin_mZprime-3000_mDark-20_rinv-0.1_alpha-peak,"[1.2000000000000002, 1.4000000000000004)",1831,0.00056998111540451646,1.7743224944855029e-10
SVJ_Kevin_mZprime-3000_mDark-20_rinv-0.1_alpha-peak,"[1.4000000000000004, 1.6000000000000005)",1394,0.00043394518434070051,1.3508495710912172e-10
SVJ_Kevin_mZprime-3000_mDark-20_rinv-0.1_alpha-peak,"[1.6000000000000005, 1.8000000000000007)",1049,0.00032654841197654605,1.0165288055752342e-10
SVJ_Kevin_mZprime-3000_mDark-20_rinv-0.1_alpha-peak,"[1.8000000000000007, 2.0)",712,0.00022164201072882861,6.8996044988445249e-11
SVJ_Kevin_mZprime-3000_mDark-20_rinv-0.1_alpha-peak,"[2.0, 2.2)",479,0.00014911028847564012,4.6417283211530602e-11
SVJ_Kevin_mZprime-3000_mDark-20_rinv-0.1_alpha-peak,"[2.2, 2.4000000000000004)",286,8.9030363596975803e-05,2.7714703795811424e-11
SVJ_Kevin_mZprime-3000_mDark-20_rinv-0.1_alpha-peak,"[2.4000000000000004, 2.6000000000000005)",172,5.354273525881581e-05,1.6667583979668166e-11
SVJ_Kevin_mZprime-3000_mDark-20_rinv-0.1_alpha-peak,"[2.6000000000000005, 2.8000000000000007)",88,2.7393956770538352e-05,8.5276013681023777e-12
SVJ_Kevin_mZprime-3000_mDark-20_rinv-0.1_alpha-peak,"[2.8000000000000007, 3.0)",25,7.7823742685723118e-06,2.4226139757471676e-12
SVJ_Kevin_mZprime-3000_mDark-20_rinv-0.1_alpha-peak,"[3.0, 3.2)",16,4.9807194955064915e-06,1.5504729661622307e-12
SVJ_Kevin_mZprime-3000_mDark-20_rinv-0.1_alpha-peak,"[3.2, 3.4000000000000004)",9,2.8016547730658203e-06,8.7214106379504552e-13
SVJ_Kevin_mZprime-3000_mDark-20_rinv-0.1_alpha-peak,"[3.4000000000000004, 3.6000000000000005)",2,6.2258993693831144e-07,1.9380912077027884e-13
SVJ_Kevin_mZprime-3000_mDark-20_rinv-0.1_alpha-peak,"[3.6000000000000005, 3.8000000000000007)",0,0,0
SVJ_Kevin_mZprime-3000_mDark-20_rinv-0.1_alpha-peak,"[3.8000000000000007, 4.0)",0,0,0
SVJ_Kevin_mZprime-3000_mDark-20_rinv-0.1_alpha-peak,"[4.0, inf)",0,0,0
SVJ_Kevin_mZprime-3000_mDark-20_rinv-0.9_alpha-peak,"[-inf, -4.0)",0,0,0
SVJ_Kevin_mZprime-3000_mDark-20_rinv-0.9_alpha-peak,"[-4.0, -3.8)",0,0,0
SVJ_Kevin_mZprime-3000_mDark-20_rinv-0.9_alpha-peak,"[-3.8, -3.6)",0,0,0
SVJ_Kevin_mZprime-3000_mDark-20_rinv-0.9_alpha-peak,"[-3.6, -3.4)",0,0,0
SVJ_Kevin_mZprime-3000_mDark-20_rinv-0.9_alpha-peak,"[-3.4, -3.2)",0,0,0
SVJ_Kevin_mZprime-3000_mDark-20_rinv-0.9_alpha-peak,"[-3.2, -3.0)",3,9.3969765657675453e-07,2.9434392206581506e-13
SVJ_Kevin_mZprime-3000_mDark-20_rinv-0.9_alpha-peak,"[-3.0, -2.8)",5,1.5661628367524827e-06,4.9057318537298888e-13
SVJ_Kevin_mZprime-3000_mDark-20_rinv-0.9_alpha-peak,"[-2.8, -2.5999999999999996)",12,3.7587906263070181e-06,1.1773756882632602e-12
SVJ_Kevin_mZprime-3000_mDark-20_rinv-0.9_alpha-peak,"[-2.5999999999999996, -2.4)",17,5.3249536904331762e-06,1.6679488736362491e-12
SVJ_Kevin_mZprime-3000_mDark-20_rinv-0.9_alpha-peak,"[-2.4, -2.2)",36,1.1276371878921054e-05,3.5321270647897807e-12
SVJ_Kevin_mZprime-3000_mDark-20_rinv-0.9_alpha-peak,"[-2.2, -2.0)",40,1.2529302694019862e-05,3.9245854829839111e-12
SVJ_Kevin_mZprime-3000_mDark-20_rinv-0.9_alpha-peak,"[-2.0, -1.7999999999999998)",55,1.7227790522156283e-05,5.3963049306826605e-12
SVJ_Kevin_mZprime-3000_mDark-20_rinv-0.9_alpha-peak,"[-1.7999999999999998, -1.5999999999999996)",89,2.7877698812517338e-05,8.7322024611147242e-12
SVJ_Kevin_mZprime-3000_mDark-20_rinv-0.9_alpha-peak,"[-1.5999999999999996, -1.4)",117,3.6648209061240777e-05,1.1479412906356679e-11
SVJ_Kevin_mZprime-3000_mDark-20_rinv-0.9_alpha-peak,"[-1.4, -1.1999999999999997)",170,5.3249535994837061e-05,1.6679489386883795e-11
SVJ_Kevin_mZprime-3000_mDark-20_rinv-0.9_alpha-peak,"[-1.1999999999999997, -1.0)",194,6.0767117247451097e-05,1.9034239462367708e-11
SVJ_Kevin_mZprime-3000_mDark-20_rinv-0.9_alpha-peak,"[-1.0, -0.7999999999999998)",248,7.7681674156337976e-05,2.4332430167972596e-11
SVJ_Kevin_mZprime-3000_mDark-20_rinv-0.9_alpha-peak,"[-0.7999999999999998, -0.5999999999999996)",308,9.6475625468883663e-05,3.021930969349107e-11
SVJ_Kevin_mZprime-3000_mDark-20_rinv-0.9_alpha-peak,"[-0.5999999999999996, -0.3999999999999999)",334,0.00010461967758601531,3.2770289953854004e-11
SVJ_Kevin_mZprime-3000_mDark-20_rinv-0.9_alpha-peak,"[-0.3999999999999999, -0.19999999999999973)",372,0.00011652251123450696,3.6498644384597156e-11
SVJ_Kevin_mZprime-3000_mDark-20_rinv-0.9_alpha-peak,"[-0.19999999999999973, 0.0)",348,0.00010900493361987174,3.4143892574389767e-11
SVJ_Kevin_mZprime-3000_mDark-20_rinv-0.9_alpha-peak,"[0.0, 0.20000000000000018)",373,0.00011683574848575518,3.6596760344398405e-11
SVJ_Kevin_mZprime-3000_mDark-20_rinv-0.9_alpha-peak,"[0.20000000000000018, 0.40000000000000036)",369,0.00011558281403267756,3.6204299974640364e-11
SVJ_Kevin_mZprime-3000_mDark-20_rinv-0.9_alpha-peak,"[0.40000000000000036, 0.6000000000000005)",334,0.00010461967758601531,3.2770289953854004e-11
SVJ_Kevin_mZprime-3000_mDark-20_rinv-0.9_alpha-peak,"[0.6000000000000005, 0.8000000000000007)",291,9.1150672233197838e-05,2.8551359193551562e-11
SVJ_Kevin_mZprime-3000_mDark-20_rinv-0.9_alpha-peak,"[0.8000000000000007, 1.0)",276,8.645218622405082e-05,2.7079640613214551e-11
SVJ_Kevin_mZprime-3000_mDark-20_rinv-0.9_alpha-peak,"[1.0, 1.2000000000000002)",199,6.2333281675819308e-05,1.9524812322480045e-11
SVJ_Kevin_mZprime-3000_mDark-20_rinv-0.9_alpha-peak,"[1.2000000000000002, 1.4000000000000004)",155,4.8551046347711235e-05,1.5207769071823307e-11
SVJ_Kevin_mZprime-3000_mDark-20_rinv-0.9_alpha-peak,"[1.4000000000000004, 1.6000000000000005)",121,3.7901139876339585e-05,1.1871871541391243e-11
SVJ_Kevin_mZprime-3000_mDark-20_rinv-0.9_alpha-peak,"[1.6000000000000005, 1.8000000000000007)",70,2.1926280169282109e-05,6.8680248120622789e-12
SVJ_Kevin_mZprime-3000_mDark-20_rinv-0.9_alpha-peak,"[1.8000000000000007, 2.0)",52,1.628809332032688e-05,5.1019613880876058e-12
SVJ_Kevin_mZprime-3000_mDark-20_rinv-0.9_alpha-peak,"[2.0, 2.2)",46,1.4408698007173371e-05,4.5132734355357584e-12
SVJ_Kevin_mZprime-3000_mDark-20_rinv-0.9_alpha-peak,"[2.2, 2.4000000000000004)",29,9.0837438619928434e-06,2.8453244534792921e-12
SVJ_Kevin_mZprime-3000_mDark-20_rinv-0.9_alpha-peak,"[2.4000000000000004, 2.6000000000000005)",16,5.0117209866584744e-06,1.5698342148776079e-12
SVJ_Kevin_mZprime-3000_mDark-20_rinv-0.9_alpha-peak,"[2.6000000000000005, 2.8000000000000007)",10,3.1323256735049654e-06,9.8114637074597777e-13
SVJ_Kevin_mZprime-3000_mDark-20_rinv-0.9_alpha-peak,"[2.8000000000000007, 3.0)",3,9.3969765657675453e-07,2.9434392206581506e-13
SVJ_Kevin_mZprime-3000_mDark-20_rinv-0.9_alpha-peak,"[3.0, 3.2)",2,6.264651233323093e-07,1.9622927685970099e-13
SVJ_Kevin_mZprime-3000_mDark-20_rinv-0.9_alpha-peak,"[3.2, 3.4000000000000004)",2,6.264651233323093e-07,1.9622927685970099e-13
SVJ_Kevin_mZprime-3000_mDark-20_rinv-0.9_alpha-peak,"[3.4000000000000004, 3.6000000000000005)",0,0,0
SVJ_Kevin_mZprime-3000_mDark-20_rinv-0.9_alpha-peak,"[3.6000000000000005, 3.8000000000000007)",0,0,0
SVJ_Kevin_mZprime-3000_mDark-20_rinv-0.9_alpha-peak,"[3.8000000000000007, 4.0)",0,0,0
SVJ_Kevin_mZprime-3000_mDark-20_rinv-0.9_alpha-peak,"[4.0, inf)",0,0,0
