dataset,sublFatJet_phi,n,weight_nominal:sumw,weight_nominal:sumw2
SVJ_Esh_mZp-3000_mD-20_rinv-0p5_aD-peak,"[-inf, -3.2)",0,0,0
SVJ_Esh_mZp-3000_mD-20_rinv-0p5_aD-peak,"[-3.2, -2.986666666666667)",313,0.00029885809635743499,2.9279079161170785e-10
SVJ_Esh_mZp-3000_mD-20_rinv-0p5_aD-peak,"[-2.986666666666667, -2.7733333333333334)",404,0.00038300259620882571,3.7791525464569986e-10
SVJ_Esh_mZp-3000_mD-20_rinv-0p5_aD-peak,"[-2.7733333333333334, -2.56)",382,0.00036559338332153857,3.5733571657203811e-10
SVJ_Esh_mZp-3000_mD-20_rinv-0p5_aD-peak,"[-2.56, -2.3466666666666667)",386,0.00036365902633406222,3.6107744572078104e-10
SVJ_Esh_mZp-3000_mD-20_rinv-0p5_aD-peak,"[-2.3466666666666667, -2.1333333333333337)",405,0.00037623234675265849,3.788507008106734e-10
SVJ_Esh_mZp-3000_mD-20_rinv-0p5_aD-peak,"[-2.1333333333333337, -1.9200000000000002)",399,0.00038203541771508753,3.7323807933198339e-10
SVJ_Esh_mZp-3000_mD-20_rinv-0p5_aD-peak,"[-1.9200000000000002, -1.7066666666666668)",361,0.0003452826349530369,3.3769159690777428e-10
SVJ_Esh_mZp-3000_mD-20_rinv-0p5_aD-peak,"[-1.7066666666666668, -1.4933333333333334)",385,0.00035882313386537135,3.6014202731138312e-10
SVJ_Esh_mZp-3000_mD-20_rinv-0p5_aD-peak,"[-1.4933333333333334, -1.28)",423,0.00040331334457732737,3.9568850973559222e-10
SVJ_Esh_mZp-3000_mD-20_rinv-0p5_aD-peak,"[-1.28, -1.0666666666666669)",387,0.00037042927579022944,3.6201289188575458e-10
SVJ_Esh_mZp-3000_mD-20_rinv-0p5_aD-peak,"[-1.0666666666666669, -0.8533333333333335)",392,0.00036946209729649127,3.6669003944389544e-10
SVJ_Esh_mZp-3000_mD-20_rinv-0p5_aD-peak,"[-0.8533333333333335, -0.6400000000000001)",376,0.00035398724139668047,3.5172312284892371e-10
SVJ_Esh_mZp-3000_mD-20_rinv-0p5_aD-peak,"[-0.6400000000000001, -0.42666666666666675)",405,0.00038010106072761118,3.788507008106734e-10
SVJ_Esh_mZp-3000_mD-20_rinv-0p5_aD-peak,"[-0.42666666666666675, -0.21333333333333337)",399,0.00038396977470256388,3.7323807933198339e-10
SVJ_Esh_mZp-3000_mD-20_rinv-0p5_aD-peak,"[-0.21333333333333337, 0.0)",356,0.00033851238549686968,3.3301442159405781e-10
SVJ_Esh_mZp-3000_mD-20_rinv-0p5_aD-peak,"[0.0, 0.21333333333333337)",422,0.00040621488005854189,3.9475306357061868e-10
SVJ_Esh_mZp-3000_mD-20_rinv-0p5_aD-peak,"[0.21333333333333337, 0.42666666666666675)",413,0.00039557591662742198,3.8633415910815927e-10
SVJ_Esh_mZp-3000_mD-20_rinv-0p5_aD-peak,"[0.42666666666666675, 0.6400000000000001)",336,0.00032110317260958254,3.1430574809476752e-10
SVJ_Esh_mZp-3000_mD-20_rinv-0p5_aD-peak,"[0.6400000000000001, 0.8533333333333335)",388,0.00036946209729649127,3.6294831029515251e-10
SVJ_Esh_mZp-3000_mD-20_rinv-0p5_aD-peak,"[0.8533333333333335, 1.0666666666666664)",433,0.00041685384348966181,4.0504283260744955e-10
SVJ_Esh_mZp-3000_mD-20_rinv-0p5_aD-peak,"[1.0666666666666664, 1.2800000000000002)",381,0.00036269184784032404,3.5640027040706457e-10
SVJ_Esh_mZp-3000_mD-20_rinv-0p5_aD-peak,"[1.2800000000000002, 1.4933333333333332)",382,0.00036559338332153857,3.5733571657203811e-10
SVJ_Esh_mZp-3000_mD-20_rinv-0p5_aD-peak,"[1.4933333333333332, 1.706666666666667)",392,0.00037139645428396761,3.6669003944389544e-10
SVJ_Esh_mZp-3000_mD-20_rinv-0p5_aD-peak,"[1.706666666666667, 1.92)",367,0.00034141392097808421,3.433042183864643e-10
SVJ_Esh_mZp-3000_mD-20_rinv-0p5_aD-peak,"[1.92, 2.1333333333333337)",397,0.00037816670374013484,3.7136721475761192e-10
SVJ_Esh_mZp-3000_mD-20_rinv-0p5_aD-peak,"[2.1333333333333337, 2.3466666666666667)",380,0.00036172466934658587,3.5546485199766664e-10
SVJ_Esh_mZp-3000_mD-20_rinv-0p5_aD-peak,"[2.3466666666666667, 2.5600000000000005)",426,0.0004023461660835892,3.9849479271936161e-10
SVJ_Esh_mZp-3000_mD-20_rinv-0p5_aD-peak,"[2.5600000000000005, 2.7733333333333334)",432,0.00041588666499592364,4.0410741419805163e-10
SVJ_Esh_mZp-3000_mD-20_rinv-0p5_aD-peak,"[2.7733333333333334, 2.9866666666666672)",406,0.00038687131018377841,3.7978611922007133e-10
SVJ_Esh_mZp-3000_mD-20_rinv-0p5_aD-peak,"[2.9866666666666672, 3.2)",292,0.00027080992003902793,2.7314667194744402e-10
SVJ_Esh_mZp-3000_mD-20_rinv-0p5_aD-peak,"[3.2, inf)",0,0,0
SVJ_Esh_mZp-3000_mD-50_rinv-0p3_aD-peak,"[-inf, -3.2)",0,0,0
SVJ_Esh_mZp-3000_mD-50_rinv-0p3_aD-peak,"[-3.2, -2.986666666666667)",415,0.00034943499485962093,3.1201161099225772e-10
SVJ_Esh_mZp-3000_mD-50_rinv-0p3_aD-peak,"[-2.986666666666667, -2.7733333333333334)",526,0.0004491496947593987,3.9546532715206695e-10
SVJ_Esh_mZp-3000_mD-50_rinv-0p3_aD-peak,"[-2.7733333333333334, -2.56)",544,0.00046649138676002622,4.0899836295515968e-10
SVJ_Esh_mZp-3000_mD-50_rinv-0p3_aD-peak,"[-2.56, -2.3466666666666667)",530,0.00045435217907652259,3.9847267152559596e-10
SVJ_Esh_mZp-3000_mD-50_rinv-0p3_aD-peak,"[-2.3466666666666667, -2.1333333333333337)",492,0.00041966882417909801,3.699029416104338e-10
SVJ_Esh_mZp-3000_mD-50_rinv-0p3_aD-peak,"[-2.1333333333333337, -1.9200000000000002)",566,0.00048383304965682328,4.2553874313178142e-10
SVJ_Esh_mZp-3000_mD-50_rinv-0p3_aD-peak,"[-1.9200000000000002, -1.7066666666666668)",533,0.00045001678518019617,4.0072817286684881e-10
SVJ_Esh_mZp-3000_mD-50_rinv-0p3_aD-peak,"[-1.7066666666666668, -1.4933333333333334)",543,0.00046215596375986934,4.0824651992288352e-10
SVJ_Esh_mZp-3000_mD-50_rinv-0p3_aD-peak,"[-1.4933333333333334, -1.28)",507,0.00043094091233797371,3.8118044831669806e-10
SVJ_Esh_mZp-3000_mD-50_rinv-0p3_aD-peak,"[-1.28, -1.0666666666666669)",490,0.00040926379733718932,3.6839925554588149e-10
SVJ_Esh_mZp-3000_mD-50_rinv-0p3_aD-peak,"[-1.0666666666666669, -0.8533333333333335)",508,0.00043354218360036612,3.8193229134897422e-10
SVJ_Esh_mZp-3000_mD-50_rinv-0p3_aD-peak,"[-0.8533333333333335, -0.6400000000000001)",512,0.00043354218360036612,3.8493963572250323e-10
SVJ_Esh_mZp-3000_mD-50_rinv-0p3_aD-peak,"[-0.6400000000000001, -0.42666666666666675)",504,0.00043007382191717625,3.7892494697544521e-10
SVJ_Esh_mZp-3000_mD-50_rinv-0p3_aD-peak,"[-0.42666666666666675, -0.21333333333333337)",515,0.00043440924491733313,3.8719513706375608e-10
SVJ_Esh_mZp-3000_mD-50_rinv-0p3_aD-peak,"[-0.21333333333333337, 0.0)",499,0.00043094091233797371,3.7516578732521566e-10
SVJ_Esh_mZp-3000_mD-50_rinv-0p3_aD-peak,"[0.0, 0.21333333333333337)",531,0.00045695345033891499,3.9922451455787211e-10
SVJ_Esh_mZp-3000_mD-50_rinv-0p3_aD-peak,"[0.21333333333333337, 0.42666666666666675)",562,0.00047689638449810445,4.2253139875825241e-10
SVJ_Esh_mZp-3000_mD-50_rinv-0p3_aD-peak,"[0.42666666666666675, 0.6400000000000001)",491,0.00042053591459989548,3.6915109857815764e-10
SVJ_Esh_mZp-3000_mD-50_rinv-0p3_aD-peak,"[0.6400000000000001, 0.8533333333333335)",528,0.00045608635991811752,3.9696901321661926e-10
SVJ_Esh_mZp-3000_mD-50_rinv-0p3_aD-peak,"[0.8533333333333335, 1.0666666666666664)",564,0.00047689638449810445,4.240350570672291e-10
SVJ_Esh_mZp-3000_mD-50_rinv-0p3_aD-peak,"[1.0666666666666664, 1.2800000000000002)",521,0.0004465484234970063,3.9170613974626178e-10
SVJ_Esh_mZp-3000_mD-50_rinv-0p3_aD-peak,"[1.2800000000000002, 1.4933333333333332)",511,0.00043614342575892806,3.8418779269022707e-10
SVJ_Esh_mZp-3000_mD-50_rinv-0p3_aD-peak,"[1.4933333333333332, 1.706666666666667)",541,0.00046215596375986934,4.0674286161390683e-10
SVJ_Esh_mZp-3000_mD-50_rinv-0p3_aD-peak,"[1.706666666666667, 1.92)",536,0.00045088384649716318,4.0298367420810166e-10
SVJ_Esh_mZp-3000_mD-50_rinv-0p3_aD-peak,"[1.92, 2.1333333333333337)",542,0.00046128887333907187,4.0749470464618298e-10
SVJ_Esh_mZp-3000_mD-50_rinv-0p3_aD-peak,"[2.1333333333333337, 2.3466666666666667)",500,0.00043180800275877118,3.759176026019162e-10
SVJ_Esh_mZp-3000_mD-50_rinv-0p3_aD-peak,"[2.3466666666666667, 2.5600000000000005)",493,0.00042227006633765996,3.7065475688713434e-10
SVJ_Esh_mZp-3000_mD-50_rinv-0p3_aD-peak,"[2.5600000000000005, 2.7733333333333334)",571,0.00049163680523633957,4.2929790278201096e-10
SVJ_Esh_mZp-3000_mD-50_rinv-0p3_aD-peak,"[2.7733333333333334, 2.9866666666666672)",552,0.00046995971933938563,4.1501305170221769e-10
SVJ_Esh_mZp-3000_mD-50_rinv-0p3_aD-peak,"[2.9866666666666672, 3.2)",341,0.00028873907285742462,2.563758094709101e-10
SVJ_Esh_mZp-3000_mD-50_rinv-0p3_aD-peak,"[3.2, inf)",0,0,0
SVJ_Esh_mZp-4000_mD-20_rinv-0p3_aD-peak,"[-inf, -3.2)",0,0,0
SVJ_Esh_mZp-4000_mD-20_rinv-0p3_aD-peak,"[-3.2, -2.986666666666667)",367,3.7029756640549749e-05,3.904621417860632e-12
SVJ_Esh_mZp-4000_mD-20_rinv-0p3_aD-peak,"[-2.986666666666667, -2.7733333333333334)",515,4.9613689043326303e-05,5.4792372895795527e-12
SVJ_Esh_mZp-4000_mD-20_rinv-0p3_aD-peak,"[-2.7733333333333334, -2.56)",502,4.8685364163247868e-05,5.3409264857973149e-12
SVJ_Esh_mZp-4000_mD-20_rinv-0p3_aD-peak,"[-2.56, -2.3466666666666667)",540,5.3842712077312171e-05,5.7452194043849936e-12
SVJ_Esh_mZp-4000_mD-20_rinv-0p3_aD-peak,"[-2.3466666666666667, -2.1333333333333337)",528,5.2398656407603994e-05,5.6175480933617905e-12
SVJ_Esh_mZp-4000_mD-20_rinv-0p3_aD-peak,"[-2.1333333333333337, -1.9200000000000002)",514,5.1367187552386895e-05,5.4685977968205179e-12
SVJ_Esh_mZp-4000_mD-20_rinv-0p3_aD-peak,"[-1.9200000000000002, -1.7066666666666668)",486,4.8066482122521847e-05,5.1706976374188418e-12
SVJ_Esh_mZp-4000_mD-20_rinv-0p3_aD-peak,"[-1.7066666666666668, -1.4933333333333334)",503,4.9407393817091361e-05,5.3515655448754806e-12
SVJ_Esh_mZp-4000_mD-20_rinv-0p3_aD-peak,"[-1.4933333333333334, -1.28)",510,5.0542010285425931e-05,5.4260406931461169e-12
SVJ_Esh_mZp-4000_mD-20_rinv-0p3_aD-peak,"[-1.28, -1.0666666666666669)",519,5.1057744713034481e-05,5.5217943932539537e-12
SVJ_Esh_mZp-4000_mD-20_rinv-0p3_aD-peak,"[-1.0666666666666669, -0.8533333333333335)",489,4.878851177636534e-05,5.2026152483342081e-12
SVJ_Esh_mZp-4000_mD-20_rinv-0p3_aD-peak,"[-0.8533333333333335, -0.6400000000000001)",512,5.0954597099917009e-05,5.4473192449833174e-12
SVJ_Esh_mZp-4000_mD-20_rinv-0p3_aD-peak,"[-0.6400000000000001, -0.42666666666666675)",501,5.0026275857817382e-05,5.3302869930382801e-12
SVJ_Esh_mZp-4000_mD-20_rinv-0p3_aD-peak,"[-0.42666666666666675, -0.21333333333333337)",523,5.2295508794486523e-05,5.5643514969283547e-12
SVJ_Esh_mZp-4000_mD-20_rinv-0p3_aD-peak,"[-0.21333333333333337, 0.0)",525,5.1882921979995444e-05,5.5856300487655552e-12
SVJ_Esh_mZp-4000_mD-20_rinv-0p3_aD-peak,"[0.0, 0.21333333333333337)",519,5.1264039939269423e-05,5.5217943932539537e-12
SVJ_Esh_mZp-4000_mD-20_rinv-0p3_aD-peak,"[0.21333333333333337, 0.42666666666666675)",541,5.3945859690429643e-05,5.7558588971440283e-12
SVJ_Esh_mZp-4000_mD-20_rinv-0p3_aD-peak,"[0.42666666666666675, 0.6400000000000001)",495,4.8582216550130397e-05,5.2664513375266786e-12
SVJ_Esh_mZp-4000_mD-20_rinv-0p3_aD-peak,"[0.6400000000000001, 0.8533333333333335)",503,4.9407393817091361e-05,5.3515655448754806e-12
SVJ_Esh_mZp-4000_mD-20_rinv-0p3_aD-peak,"[0.8533333333333335, 1.0666666666666664)",527,5.1676626753760502e-05,5.6069086006027558e-12
SVJ_Esh_mZp-4000_mD-20_rinv-0p3_aD-peak,"[1.0666666666666664, 1.2800000000000002)",514,5.0748305511660874e-05,5.4685977968205179e-12
SVJ_Esh_mZp-4000_mD-20_rinv-0p3_aD-peak,"[1.2800000000000002, 1.4933333333333332)",529,5.1470331527525559e-05,5.6281871524399563e-12
SVJ_Esh_mZp-4000_mD-20_rinv-0p3_aD-peak,"[1.4933333333333332, 1.706666666666667)",489,4.8375924961874261e-05,5.2026152483342081e-12
SVJ_Esh_mZp-4000_mD-20_rinv-0p3_aD-peak,"[1.706666666666667, 1.92)",470,4.6416131226578727e-05,5.0004687890403687e-12
SVJ_Esh_mZp-4000_mD-20_rinv-0p3_aD-peak,"[1.92, 2.1333333333333337)",494,4.9304246203973889e-05,5.2558118447676438e-12
SVJ_Esh_mZp-4000_mD-20_rinv-0p3_aD-peak,"[2.1333333333333337, 2.3466666666666667)",509,4.9407393817091361e-05,5.4154012003870822e-12
SVJ_Esh_mZp-4000_mD-20_rinv-0p3_aD-peak,"[2.3466666666666667, 2.5600000000000005)",516,5.1160892326151952e-05,5.4898763486577185e-12
SVJ_Esh_mZp-4000_mD-20_rinv-0p3_aD-peak,"[2.5600000000000005, 2.7733333333333334)",515,5.1676626753760502e-05,5.4792372895795527e-12
SVJ_Esh_mZp-4000_mD-20_rinv-0p3_aD-peak,"[2.7733333333333334, 2.9866666666666672)",494,4.9097950977738947e-05,5.2558118447676438e-12
SVJ_Esh_mZp-4000_mD-20_rinv-0p3_aD-peak,"[2.9866666666666672, 3.2)",387,3.9092697988962755e-05,4.1174073699135061e-12
SVJ_Esh_mZp-4000_mD-20_rinv-0p3_aD-peak,"[3.2, inf)",0,0,0
SVJ_Kevin_mZprime-3000_mDark-20_rinv-0.5_alpha-peak,"[-inf, -3.2)",0,0,0
SVJ_Kevin_mZprime-3000_mDark-20_rinv-0.5_alpha-peak,"[-3.2, -2.986666666666667)",825,0.00026104395510628819,8.2598733408545399e-11
SVJ_Kevin_mZprime-3000_mDark-20_rinv-0.5_alpha-peak,"[-2.986666666666667, -2.7733333333333334)",1152,0.00036451229243539274,1.1533786425932391e-10
SVJ_Kevin_mZprime-3000_mDark-20_rinv-0.5_alpha-peak,"[-2.7733333333333334, -2.56)",1199,0.00037938391324132681,1.200434890380464e-10
SVJ_Kevin_mZprime-3000_mDark-20_rinv-0.5_alpha-peak,"[-2.56, -2.3466666666666667)",1137,0.00035976603976450861,1.1383607251280736e-10
SVJ_Kevin_mZprime-3000_mDark-20_rinv-0.5_alpha-peak,"[-2.3466666666666667, -2.1333333333333337)",1162,0.00036767646088264883,1.1633906338293087e-10
SVJ_Kevin_mZprime-3000_mDark-20_rinv-0.5_alpha-peak,"[-2.1333333333333337, -1.9200000000000002)",1137,0.00035976603976450861,1.1383607251280736e-10
SVJ_Kevin_mZprime-3000_mDark-20_rinv-0.5_alpha-peak,"[-1.9200000000000002, -1.7066666666666668)",1158,0.00036641079350374639,1.1593858512126687e-10
SVJ_Kevin_mZprime-3000_mDark-20_rinv-0.5_alpha-peak,"[-1.7066666666666668, -1.4933333333333334)",1113,0.00035217203549109399,1.1143319600392942e-10
SVJ_Kevin_mZprime-3000_mDark-20_rinv-0.5_alpha-peak,"[-1.4933333333333334, -1.28)",1134,0.00035881678923033178,1.1353570861238893e-10
SVJ_Kevin_mZprime-3000_mDark-20_rinv-0.5_alpha-peak,"[-1.28, -1.0666666666666669)",1164,0.00036830929457210004,1.1653930598320983e-10
SVJ_Kevin_mZprime-3000_mDark-20_rinv-0.5_alpha-peak,"[-1.0666666666666669, -0.8533333333333335)",1162,0.00036767646088264883,1.1633906338293087e-10
SVJ_Kevin_mZprime-3000_mDark-20_rinv-0.5_alpha-peak,"[-0.8533333333333335, -0.6400000000000001)",1171,0.00037052421248517931,1.1724013426750446e-10
SVJ_Kevin_mZprime-3000_mDark-20_rinv-0.5_alpha-peak,"[-0.6400000000000001, -0.42666666666666675)",1152,0.00036451229243539274,1.1533786425932391e-10
SVJ_Kevin_mZprime-3000_mDark-20_rinv-0.5_alpha-peak,"[-0.42666666666666675, -0.21333333333333337)",1182,0.000374004797777161,1.18341447752357e-10
SVJ_Kevin_mZprime-3000_mDark-20_rinv-0.5_alpha-peak,"[-0.21333333333333337, 0.0)",1127,0.00035660187131725252,1.128348733892004e-10
SVJ_Kevin_mZprime-3000_mDark-20_rinv-0.5_alpha-peak,"[0.0, 0.21333333333333337)",1206,0.00038159883115440607,1.2074433120012884e-10
SVJ_Kevin_mZprime-3000_mDark-20_rinv-0.5_alpha-peak,"[0.21333333333333337, 0.42666666666666675)",1168,0.00036957496195100248,1.1693977730597993e-10
SVJ_Kevin_mZprime-3000_mDark-20_rinv-0.5_alpha-peak,"[0.42666666666666675, 0.6400000000000001)",1148,0.0003632466250564903,1.149373859976599e-10
SVJ_Kevin_mZprime-3000_mDark-20_rinv-0.5_alpha-peak,"[0.6400000000000001, 0.8533333333333335)",1116,0.00035312128602527082,1.1173355296545395e-10
SVJ_Kevin_mZprime-3000_mDark-20_rinv-0.5_alpha-peak,"[0.8533333333333335, 1.0666666666666664)",1121,0.00035470337024889886,1.1223415252725744e-10
SVJ_Kevin_mZprime-3000_mDark-20_rinv-0.5_alpha-peak,"[1.0666666666666664, 1.2800000000000002)",1116,0.00035312128602527082,1.1173355296545395e-10
SVJ_Kevin_mZprime-3000_mDark-20_rinv-0.5_alpha-peak,"[1.2800000000000002, 1.4933333333333332)",1236,0.00039109133649617434,1.2374791469316193e-10
SVJ_Kevin_mZprime-3000_mDark-20_rinv-0.5_alpha-peak,"[1.4933333333333332, 1.706666666666667)",1161,0.00036736004403792322,1.162389420827914e-10
SVJ_Kevin_mZprime-3000_mDark-20_rinv-0.5_alpha-peak,"[1.706666666666667, 1.92)",1149,0.00036356304190121591,1.1503750729779938e-10
SVJ_Kevin_mZprime-3000_mDark-20_rinv-0.5_alpha-peak,"[1.92, 2.1333333333333337)",1127,0.00035660187131725252,1.128348733892004e-10
SVJ_Kevin_mZprime-3000_mDark-20_rinv-0.5_alpha-peak,"[2.1333333333333337, 2.3466666666666667)",1161,0.00036736004403792322,1.162389420827914e-10
SVJ_Kevin_mZprime-3000_mDark-20_rinv-0.5_alpha-peak,"[2.3466666666666667, 2.5600000000000005)",1164,0.00036830929457210004,1.1653930598320983e-10
SVJ_Kevin_mZprime-3000_mDark-20_rinv-0.5_alpha-peak,"[2.5600000000000005, 2.7733333333333334)",1206,0.00038159883115440607,1.2074433120012884e-10
SVJ_Kevin_mZprime-3000_mDark-20_rinv-0.5_alpha-peak,"[2.7733333333333334, 2.9866666666666672)",1150,0.00036387945874594152,1.1513762165904495e-10
SVJ_Kevin_mZprime-3000_mDark-20_rinv-0.5_alpha-peak,"[2.9866666666666672, 3.2)",847,0.00026800512569025159,8.4801360378250479e-11
SVJ_Kevin_mZprime-3000_mDark-20_rinv-0.5_alpha-peak,"[3.2, inf)",0,0,0
SVJ_Kevin_mZprime-3000_mDark-50_rinv-0.3_alpha-peak,"[-inf, -3.2)",0,0,0
SVJ_Kevin_mZprime-3000_mDark-50_rinv-0.3_alpha-peak,"[-3.2, -2.986666666666667)",1002,0.00031895755091682076,1.015308531693293e-10
SVJ_Kevin_mZprime-3000_mDark-50_rinv-0.3_alpha-peak,"[-2.986666666666667, -2.7733333333333334)",1485,0.00047270653885789216,1.5047237067467023e-10
SVJ_Kevin_mZprime-3000_mDark-50_rinv-0.3_alpha-peak,"[-2.7733333333333334, -2.56)",1398,0.00044501261436380446,1.4165681128108787e-10
SVJ_Kevin_mZprime-3000_mDark-50_rinv-0.3_alpha-peak,"[-2.56, -2.3466666666666667)",1357,0.00043196146725676954,1.3750235672294053e-10
SVJ_Kevin_mZprime-3000_mDark-50_rinv-0.3_alpha-peak,"[-2.3466666666666667, -2.1333333333333337)",1373,0.00043705460848286748,1.3912361540580065e-10
SVJ_Kevin_mZprime-3000_mDark-50_rinv-0.3_alpha-peak,"[-2.1333333333333337, -1.9200000000000002)",1417,0.00045106071047484875,1.4358204902809035e-10
SVJ_Kevin_mZprime-3000_mDark-50_rinv-0.3_alpha-peak,"[-1.9200000000000002, -1.7066666666666668)",1415,0.0004504240641836077,1.4337939169273284e-10
SVJ_Kevin_mZprime-3000_mDark-50_rinv-0.3_alpha-peak,"[-1.7066666666666668, -1.4933333333333334)",1439,0.00045806376147083938,1.458112658392352e-10
SVJ_Kevin_mZprime-3000_mDark-50_rinv-0.3_alpha-peak,"[-1.4933333333333334, -1.28)",1362,0.00043355306843295693,1.3800899312244042e-10
SVJ_Kevin_mZprime-3000_mDark-50_rinv-0.3_alpha-peak,"[-1.28, -1.0666666666666669)",1452,0.00046220194781199098,1.4712853158016514e-10
SVJ_Kevin_mZprime-3000_mDark-50_rinv-0.3_alpha-peak,"[-1.0666666666666669, -0.8533333333333335)",1423,0.0004529706493485719,1.441900210341629e-10
SVJ_Kevin_mZprime-3000_mDark-50_rinv-0.3_alpha-peak,"[-0.8533333333333335, -0.6400000000000001)",1413,0.00044978741789236665,1.4317673435737532e-10
SVJ_Kevin_mZprime-3000_mDark-50_rinv-0.3_alpha-peak,"[-0.6400000000000001, -0.42666666666666675)",1424,0.00045328895794227719,1.4429134276294775e-10
SVJ_Kevin_mZprime-3000_mDark-50_rinv-0.3_alpha-peak,"[-0.42666666666666675, -0.21333333333333337)",1352,0.00043036986608058214,1.3699572032344065e-10
SVJ_Kevin_mZprime-3000_mDark-50_rinv-0.3_alpha-peak,"[-0.21333333333333337, 0.0)",1384,0.00044055611942894757,1.4023822381137308e-10
SVJ_Kevin_mZprime-3000_mDark-50_rinv-0.3_alpha-peak,"[0.0, 0.21333333333333337)",1434,0.00045647216029465199,1.4530462943973532e-10
SVJ_Kevin_mZprime-3000_mDark-50_rinv-0.3_alpha-peak,"[0.21333333333333337, 0.42666666666666675)",1463,0.00046570348786190152,1.4824313998573757e-10
SVJ_Kevin_mZprime-3000_mDark-50_rinv-0.3_alpha-peak,"[0.42666666666666675, 0.6400000000000001)",1406,0.00044755919952876866,1.4246744062251793e-10
SVJ_Kevin_mZprime-3000_mDark-50_rinv-0.3_alpha-peak,"[0.6400000000000001, 0.8533333333333335)",1424,0.00045328895794227719,1.4429134276294775e-10
SVJ_Kevin_mZprime-3000_mDark-50_rinv-0.3_alpha-peak,"[0.8533333333333335, 1.0666666666666664)",1405,0.00044724086183123291,1.4236610501594527e-10
SVJ_Kevin_mZprime-3000_mDark-50_rinv-0.3_alpha-peak,"[1.0666666666666664, 1.2800000000000002)",1335,0.0004249584162607789,1.3527313991179568e-10
SVJ_Kevin_mZprime-3000_mDark-50_rinv-0.3_alpha-peak,"[1.2800000000000002, 1.4933333333333332)",1344,0.00042782328091561794,1.3618509098201059e-10
SVJ_Kevin_mZprime-3000_mDark-50_rinv-0.3_alpha-peak,"[1.4933333333333332, 1.706666666666667)",1405,0.00044724086183123291,1.4236610501594527e-10
SVJ_Kevin_mZprime-3000_mDark-50_rinv-0.3_alpha-peak,"[1.706666666666667, 1.92)",1454,0.00046283859410323203,1.4733118891552266e-10
SVJ_Kevin_mZprime-3000_mDark-50_rinv-0.3_alpha-peak,"[1.92, 2.1333333333333337)",1339,0.00042623167973943055,1.3567845458251071e-10
SVJ_Kevin_mZprime-3000_mDark-50_rinv-0.3_alpha-peak,"[2.1333333333333337, 2.3466666666666667)",1353,0.00043068817467428744,1.370970420522255e-10
SVJ_Kevin_mZprime-3000_mDark-50_rinv-0.3_alpha-peak,"[2.3466666666666667, 2.5600000000000005)",1396,0.00044437596807256341,1.4145415394573035e-10
SVJ_Kevin_mZprime-3000_mDark-50_rinv-0.3_alpha-peak,"[2.5600000000000005, 2.7733333333333334)",1386,0.00044119276572018862,1.4044088114673059e-10
SVJ_Kevin_mZprime-3000_mDark-50_rinv-0.3_alpha-peak,"[2.7733333333333334, 2.9866666666666672)",1365,0.00043450802331790328,1.3831298606437059e-10
SVJ_Kevin_mZprime-3000_mDark-50_rinv-0.3_alpha-peak,"[2.9866666666666672, 3.2)",1014,0.00032277739956043661,1.0274679024258049e-10
SVJ_Kevin_mZprime-3000_mDark-50_rinv-0.3_alpha-peak,"[3.2, inf)",0,0,0
SVJ_Kevin_mZprime-4000_mDark-20_rinv-0.3_alpha-peak,"[-inf, -3.2)",0,0,0
SVJ_Kevin_mZprime-4000_mDark-20_rinv-0.3_alpha-peak,"[-3.2, -2.986666666666667)",1089,3.7531790439970791e-05,1.293512606054259e-12
SVJ_Kevin_mZprime-4000_mDark-20_rinv-0.3_alpha-peak,"[-2.986666666666667, -2.7733333333333334)",1533,5.2834006055491045e-05,1.8208952141246515e-12
SVJ_Kevin_mZprime-4000_mDark-20_rinv-0.3_alpha-peak,"[-2.7733333333333334, -2.56)",1532,5.2799539844272658e-05,1.8197073622244764e-12
SVJ_Kevin_mZprime-4000_mDark-20_rinv-0.3_alpha-peak,"[-2.56, -2.3466666666666667)",1510,5.2041323215235025e-05,1.7935758130430135e-12
SVJ_Kevin_mZprime-4000_mDark-20_rinv-0.3_alpha-peak,"[-2.3466666666666667, -2.1333333333333337)",1533,5.2834006055491045e-05,1.8208952141246515e-12
SVJ_Kevin_mZprime-4000_mDark-20_rinv-0.3_alpha-peak,"[-2.1333333333333337, -1.9200000000000002)",1532,5.2799539844272658e-05,1.8197073622244764e-12
SVJ_Kevin_mZprime-4000_mDark-20_rinv-0.3_alpha-peak,"[-1.9200000000000002, -1.7066666666666668)",1516,5.2248109568608925e-05,1.8007025991834125e-12
SVJ_Kevin_mZprime-4000_mDark-20_rinv-0.3_alpha-peak,"[-1.7066666666666668, -1.4933333333333334)",1563,5.3867937822360545e-05,1.8565290364064291e-12
SVJ_Kevin_mZprime-4000_mDark-20_rinv-0.3_alpha-peak,"[-1.4933333333333334, -1.28)",1564,5.3902404033578932e-05,1.8577168883066042e-12
SVJ_Kevin_mZprime-4000_mDark-20_rinv-0.3_alpha-peak,"[-1.28, -1.0666666666666669)",1488,5.1283106586197391e-05,1.7674442638615506e-12
SVJ_Kevin_mZprime-4000_mDark-20_rinv-0.3_alpha-peak,"[-1.0666666666666669, -0.8533333333333335)",1574,5.4247047955868766e-05,1.8695949736274864e-12
SVJ_Kevin_mZprime-4000_mDark-20_rinv-0.3_alpha-peak,"[-0.8533333333333335, -0.6400000000000001)",1454,5.011131361243315e-05,1.7270590339790726e-12
SVJ_Kevin_mZprime-4000_mDark-20_rinv-0.3_alpha-peak,"[-0.6400000000000001, -0.42666666666666675)",1490,5.1352035370655358e-05,1.7698198592416836e-12
SVJ_Kevin_mZprime-4000_mDark-20_rinv-0.3_alpha-peak,"[-0.42666666666666675, -0.21333333333333337)",1549,5.3385436331154779e-05,1.8398999771657154e-12
SVJ_Kevin_mZprime-4000_mDark-20_rinv-0.3_alpha-peak,"[-0.21333333333333337, 0.0)",1489,5.1317569159436971e-05,1.7686320073415085e-12
SVJ_Kevin_mZprime-4000_mDark-20_rinv-0.3_alpha-peak,"[0.0, 0.21333333333333337)",1514,5.2179180784150958e-05,1.7983270038032795e-12
SVJ_Kevin_mZprime-4000_mDark-20_rinv-0.3_alpha-peak,"[0.21333333333333337, 0.42666666666666675)",1591,5.4832944442750886e-05,1.8897873717282909e-12
SVJ_Kevin_mZprime-4000_mDark-20_rinv-0.3_alpha-peak,"[0.42666666666666675, 0.6400000000000001)",1484,5.1145249017281458e-05,1.7626930731012846e-12
SVJ_Kevin_mZprime-4000_mDark-20_rinv-0.3_alpha-peak,"[0.6400000000000001, 0.8533333333333335)",1596,5.5005264584906399e-05,1.895726414388732e-12
SVJ_Kevin_mZprime-4000_mDark-20_rinv-0.3_alpha-peak,"[0.8533333333333335, 1.0666666666666664)",1543,5.3178649977780879e-05,1.8327730826050992e-12
SVJ_Kevin_mZprime-4000_mDark-20_rinv-0.3_alpha-peak,"[1.0666666666666664, 1.2800000000000002)",1527,5.2627219702117145e-05,1.8137683195640353e-12
SVJ_Kevin_mZprime-4000_mDark-20_rinv-0.3_alpha-peak,"[1.2800000000000002, 1.4933333333333332)",1589,5.4764015658292919e-05,1.8874118847683752e-12
SVJ_Kevin_mZprime-4000_mDark-20_rinv-0.3_alpha-peak,"[1.4933333333333332, 1.706666666666667)",1594,5.4936335800448433e-05,1.8933509274288163e-12
SVJ_Kevin_mZprime-4000_mDark-20_rinv-0.3_alpha-peak,"[1.706666666666667, 1.92)",1583,5.4557229304919019e-05,1.880284990207759e-12
SVJ_Kevin_mZprime-4000_mDark-20_rinv-0.3_alpha-peak,"[1.92, 2.1333333333333337)",1600,5.514312579180114e-05,1.900477605148998e-12
SVJ_Kevin_mZprime-4000_mDark-20_rinv-0.3_alpha-peak,"[2.1333333333333337, 2.3466666666666667)",1541,5.3109721193322912e-05,1.8303975956451835e-12
SVJ_Kevin_mZprime-4000_mDark-20_rinv-0.3_alpha-peak,"[2.3466666666666667, 2.5600000000000005)",1579,5.4419371736003086e-05,1.875533799447493e-12
SVJ_Kevin_mZprime-4000_mDark-20_rinv-0.3_alpha-peak,"[2.5600000000000005, 2.7733333333333334)",1582,5.4522763093700632e-05,1.8790973551480183e-12
SVJ_Kevin_mZprime-4000_mDark-20_rinv-0.3_alpha-peak,"[2.7733333333333334, 2.9866666666666672)",1562,5.3833475249120966e-05,1.8553414013466885e-12
SVJ_Kevin_mZprime-4000_mDark-20_rinv-0.3_alpha-peak,"[2.9866666666666672, 3.2)",1090,3.7566253013210371e-05,1.2947004579544341e-12
SVJ_Kevin_mZprime-4000_mDark-20_rinv-0.3_alpha-peak,"[3.2, inf)",0,0,0
