dataset,ht,n,weight_nominal:sumw,weight_nominal:sumw2
SVJ_Esh_mZp-3000_mD-20_rinv-0p5_aD-peak,"[-inf, 0.0)",0,0,0
SVJ_Esh_mZp-3000_mD-20_rinv-0p5_aD-peak,"[0.0, 70.0)",86,8.3177328633610159e-05,8.0447308536957252e-11
SVJ_Esh_mZp-3000_mD-20_rinv-0p5_aD-peak,"[70.0, 140.0)",140,0.00013540496001951396,1.309607283728198e-10
SVJ_Esh_mZp-3000_mD-20_rinv-0p5_aD-peak,"[140.0, 210.0)",244,0.00023212278028950095,2.2824585277358977e-10
SVJ_Esh_mZp-3000_mD-20_rinv-0p5_aD-peak,"[210.0, 280.0)",311,0.00030079245334491134,2.9091992703733638e-10
SVJ_Esh_mZp-3000_mD-20_rinv-0p5_aD-peak,"[280.0, 350.0)",431,0.00041298512951470912,4.0317196803307809e-10
SVJ_Esh_mZp-3000_mD-20_rinv-0p5_aD-peak,"[350.0, 420.0)",501,0.00047875323798507452,4.6865233915838189e-10
SVJ_Esh_mZp-3000_mD-20_rinv-0p5_aD-peak,"[420.0, 490.0)",538,0.00051453884225338697,5.0326337541761745e-10
SVJ_Esh_mZp-3000_mD-20_rinv-0p5_aD-peak,"[490.0, 560.0)",615,0.00058514287229627371,5.7529181418658482e-10
SVJ_Esh_mZp-3000_mD-20_rinv-0p5_aD-peak,"[560.0, 630.0)",687,0.0006567140226252377,6.4264304988626009e-10
SVJ_Esh_mZp-3000_mD-20_rinv-0p5_aD-peak,"[630.0, 700.0)",759,0.00071861344622448087,7.0999428558593536e-10
SVJ_Esh_mZp-3000_mD-20_rinv-0p5_aD-peak,"[700.0, 770.0)",777,0.00073989137308672071,7.2683203899970295e-10
SVJ_Esh_mZp-3000_mD-20_rinv-0p5_aD-peak,"[770.0, 840.0)",804,0.00076987390639260411,7.5208878014265679e-10
SVJ_Esh_mZp-3000_mD-20_rinv-0p5_aD-peak,"[840.0, 910.0)",812,0.00077374262036755681,7.5957223844014266e-10
SVJ_Esh_mZp-3000_mD-20_rinv-0p5_aD-peak,"[910.0, 980.0)",818,0.00076987390639260411,7.6518485991883267e-10
SVJ_Esh_mZp-3000_mD-20_rinv-0p5_aD-peak,"[980.0, 1050.0)",756,0.00071571191074326634,7.0718797484659035e-10
SVJ_Esh_mZp-3000_mD-20_rinv-0p5_aD-peak,"[1050.0, 1120.0)",740,0.0007060401258058846,6.9222100274046738e-10
SVJ_Esh_mZp-3000_mD-20_rinv-0p5_aD-peak,"[1120.0, 1190.0)",752,0.00071764626773074269,7.0344624569784742e-10
SVJ_Esh_mZp-3000_mD-20_rinv-0p5_aD-peak,"[1190.0, 1260.0)",695,0.00065864837961271405,6.5012650818374595e-10
SVJ_Esh_mZp-3000_mD-20_rinv-0p5_aD-peak,"[1260.0, 1330.0)",646,0.00061705976258963346,6.0429022896713036e-10
SVJ_Esh_mZp-3000_mD-20_rinv-0p5_aD-peak,"[1330.0, 1400.0)",626,0.00059965054970234632,5.8558158322341569e-10
SVJ_Esh_mZp-3000_mD-20_rinv-0p5_aD-peak,"[1400.0, 1470.0)",536,0.00050680141430348158,5.013925385988216e-10
SVJ_Esh_mZp-3000_mD-20_rinv-0p5_aD-peak,"[1470.0, 1540.0)",513,0.00048649066593497992,4.7987752660461069e-10
SVJ_Esh_mZp-3000_mD-20_rinv-0p5_aD-peak,"[1540.0, 1610.0)",471,0.00044780352618545294,4.4058931503165866e-10
SVJ_Esh_mZp-3000_mD-20_rinv-0p5_aD-peak,"[1610.0, 1680.0)",468,0.00044490199070423841,4.3778303204788926e-10
SVJ_Esh_mZp-3000_mD-20_rinv-0p5_aD-peak,"[1680.0, 1750.0)",341,0.00032207035110332072,3.18982923408484e-10
SVJ_Esh_mZp-3000_mD-20_rinv-0p5_aD-peak,"[1750.0, 1820.0)",333,0.00031820163712836802,3.1149946511099813e-10
SVJ_Esh_mZp-3000_mD-20_rinv-0p5_aD-peak,"[1820.0, 1890.0)",264,0.00024566327920183539,2.4695451239509225e-10
SVJ_Esh_mZp-3000_mD-20_rinv-0p5_aD-peak,"[1890.0, 1960.0)",227,0.00021954945987090468,2.1234347613585669e-10
SVJ_Esh_mZp-3000_mD-20_rinv-0p5_aD-peak,"[1960.0, 2030.0)",221,0.00020794333249796182,2.0673086853495448e-10
SVJ_Esh_mZp-3000_mD-20_rinv-0p5_aD-peak,"[2030.0, 2100.0)",204,0.00019537001207936555,1.908284918972214e-10
SVJ_Esh_mZp-3000_mD-20_rinv-0p5_aD-peak,"[2100.0, 2170.0)",122,0.00011606139014475048,1.1412292638679489e-10
SVJ_Esh_mZp-3000_mD-20_rinv-0p5_aD-peak,"[2170.0, 2240.0)",119,0.0001112254976760596,1.1131662258634378e-10
SVJ_Esh_mZp-3000_mD-20_rinv-0p5_aD-peak,"[2240.0, 2310.0)",87,8.2210150139871985e-05,8.1382740824142985e-11
SVJ_Esh_mZp-3000_mD-20_rinv-0p5_aD-peak,"[2310.0, 2380.0)",106,0.0001005865415208973,9.9155982036247536e-11
SVJ_Esh_mZp-3000_mD-20_rinv-0p5_aD-peak,"[2380.0, 2450.0)",55,5.3194806241663173e-05,5.1448859061942187e-11
SVJ_Esh_mZp-3000_mD-20_rinv-0p5_aD-peak,"[2450.0, 2520.0)",54,5.2227627747924998e-05,5.0513426774756454e-11
SVJ_Esh_mZp-3000_mD-20_rinv-0p5_aD-peak,"[2520.0, 2590.0)",47,4.5457378291757777e-05,4.3965390356115464e-11
SVJ_Esh_mZp-3000_mD-20_rinv-0p5_aD-peak,"[2590.0, 2660.0)",27,2.417945688648615e-05,2.5256713387378227e-11
SVJ_Esh_mZp-3000_mD-20_rinv-0p5_aD-peak,"[2660.0, 2730.0)",24,2.3212278392747976e-05,2.2450411321650598e-11
SVJ_Esh_mZp-3000_mD-20_rinv-0p5_aD-peak,"[2730.0, 2800.0)",14,1.3540495274355635e-05,1.309607283728198e-11
SVJ_Esh_mZp-3000_mD-20_rinv-0p5_aD-peak,"[2800.0, 2870.0)",13,1.2573317690112162e-05,1.2160639682734509e-11
SVJ_Esh_mZp-3000_mD-20_rinv-0p5_aD-peak,"[2870.0, 2940.0)",13,1.2573317690112162e-05,1.2160639682734509e-11
SVJ_Esh_mZp-3000_mD-20_rinv-0p5_aD-peak,"[2940.0, 3010.0)",10,7.737426130915992e-06,9.3543384843686184e-12
SVJ_Esh_mZp-3000_mD-20_rinv-0p5_aD-peak,"[3010.0, 3080.0)",5,4.8358915591961704e-06,4.6771692421843092e-12
SVJ_Esh_mZp-3000_mD-20_rinv-0p5_aD-peak,"[3080.0, 3150.0)",4,3.868713065457996e-06,3.7417352202750997e-12
SVJ_Esh_mZp-3000_mD-20_rinv-0p5_aD-peak,"[3150.0, 3220.0)",4,3.868713065457996e-06,3.7417352202750997e-12
SVJ_Esh_mZp-3000_mD-20_rinv-0p5_aD-peak,"[3220.0, 3290.0)",1,9.67178266364499e-07,9.3543380506877494e-13
SVJ_Esh_mZp-3000_mD-20_rinv-0p5_aD-peak,"[3290.0, 3360.0)",0,0,0
SVJ_Esh_mZp-3000_mD-20_rinv-0p5_aD-peak,"[3360.0, 3430.0)",1,9.67178266364499e-07,9.3543380506877494e-13
SVJ_Esh_mZp-3000_mD-20_rinv-0p5_aD-peak,"[3430.0, 3500.0)",0,0,0
SVJ_Esh_mZp-3000_mD-20_rinv-0p5_aD-peak,"[3500.0, inf)",4,3.868713065457996e-06,3.7417352202750997e-12
SVJ_Esh_mZp-3000_mD-50_rinv-0p3_aD-peak,"[-inf, 0.0)",0,0,0
SVJ_Esh_mZp-3000_mD-50_rinv-0p3_aD-peak,"[0.0, 70.0)",16,1.3873349416826386e-05,1.2029363616328226e-11
SVJ_Esh_mZp-3000_mD-50_rinv-0p3_aD-peak,"[70.0, 140.0)",33,2.8613783797482029e-05,2.4810563326038704e-11
SVJ_Esh_mZp-3000_mD-50_rinv-0p3_aD-peak,"[140.0, 210.0)",50,4.3354215449653566e-05,3.7591763035749182e-11
SVJ_Esh_mZp-3000_mD-50_rinv-0p3_aD-peak,"[210.0, 280.0)",89,7.7170509030111134e-05,6.6913335983187494e-11
SVJ_Esh_mZp-3000_mD-50_rinv-0p3_aD-peak,"[280.0, 350.0)",110,9.3645110609941185e-05,8.2701873127533077e-11
SVJ_Esh_mZp-3000_mD-50_rinv-0p3_aD-peak,"[350.0, 420.0)",144,0.00012486014747992158,1.0826427254695403e-10
SVJ_Esh_mZp-3000_mD-50_rinv-0p3_aD-peak,"[420.0, 490.0)",208,0.00017861937521956861,1.5638172701226694e-10
SVJ_Esh_mZp-3000_mD-50_rinv-0p3_aD-peak,"[490.0, 560.0)",270,0.00022717608953826129,2.0299550929081533e-10
SVJ_Esh_mZp-3000_mD-50_rinv-0p3_aD-peak,"[560.0, 630.0)",299,0.00025752405053935945,2.2479873518221893e-10
SVJ_Esh_mZp-3000_mD-50_rinv-0p3_aD-peak,"[630.0, 700.0)",345,0.00029220743454061449,2.5938315384443911e-10
SVJ_Esh_mZp-3000_mD-50_rinv-0p3_aD-peak,"[700.0, 770.0)",404,0.00034509957185946405,3.0374142090394685e-10
SVJ_Esh_mZp-3000_mD-50_rinv-0p3_aD-peak,"[770.0, 840.0)",466,0.00039885879959911108,3.5035521706028305e-10
SVJ_Esh_mZp-3000_mD-50_rinv-0p3_aD-peak,"[840.0, 910.0)",512,0.00043180800275877118,3.8493963572250323e-10
SVJ_Esh_mZp-3000_mD-50_rinv-0p3_aD-peak,"[910.0, 980.0)",581,0.00049857347039505839,4.3681627759362129e-10
SVJ_Esh_mZp-3000_mD-50_rinv-0p3_aD-peak,"[980.0, 1050.0)",606,0.00051331392023712397,4.5561215911149588e-10
SVJ_Esh_mZp-3000_mD-50_rinv-0p3_aD-peak,"[1050.0, 1120.0)",642,0.00055146566592156887,4.8267823071768134e-10
SVJ_Esh_mZp-3000_mD-50_rinv-0p3_aD-peak,"[1120.0, 1190.0)",692,0.00059828819939866662,5.2026999375343053e-10
SVJ_Esh_mZp-3000_mD-50_rinv-0p3_aD-peak,"[1190.0, 1260.0)",697,0.00059742113808169961,5.2402915340366008e-10
SVJ_Esh_mZp-3000_mD-50_rinv-0p3_aD-peak,"[1260.0, 1330.0)",736,0.00063123740255832672,5.5335069859552277e-10
SVJ_Esh_mZp-3000_mD-50_rinv-0p3_aD-peak,"[1330.0, 1400.0)",749,0.00064077530987560749,5.6312460250396157e-10
SVJ_Esh_mZp-3000_mD-50_rinv-0p3_aD-peak,"[1400.0, 1470.0)",813,0.00069453456671908498,6.1124205696927447e-10
SVJ_Esh_mZp-3000_mD-50_rinv-0p3_aD-peak,"[1470.0, 1540.0)",767,0.00065118033671751618,5.7665761055147868e-10
SVJ_Esh_mZp-3000_mD-50_rinv-0p3_aD-peak,"[1540.0, 1610.0)",762,0.00065378157887607813,5.7289845090124913e-10
SVJ_Esh_mZp-3000_mD-50_rinv-0p3_aD-peak,"[1610.0, 1680.0)",711,0.0006026236223988235,5.345548448332238e-10
SVJ_Esh_mZp-3000_mD-50_rinv-0p3_aD-peak,"[1680.0, 1750.0)",734,0.00062256655655801296,5.5184706804212169e-10
SVJ_Esh_mZp-3000_mD-50_rinv-0p3_aD-peak,"[1750.0, 1820.0)",710,0.00060175650287419558,5.3380300180094764e-10
SVJ_Esh_mZp-3000_mD-50_rinv-0p3_aD-peak,"[1820.0, 1890.0)",670,0.00057227566139772534,5.0372961357680879e-10
SVJ_Esh_mZp-3000_mD-50_rinv-0p3_aD-peak,"[1890.0, 1960.0)",642,0.00054973148507997394,4.8267823071768134e-10
SVJ_Esh_mZp-3000_mD-50_rinv-0p3_aD-peak,"[1960.0, 2030.0)",583,0.00049510516691952944,4.3831993590259799e-10
SVJ_Esh_mZp-3000_mD-50_rinv-0p3_aD-peak,"[2030.0, 2100.0)",522,0.0004491496947593987,3.9245798277853794e-10
SVJ_Esh_mZp-3000_mD-50_rinv-0p3_aD-peak,"[2100.0, 2170.0)",505,0.00042573839891701937,3.7967679000772137e-10
SVJ_Esh_mZp-3000_mD-50_rinv-0p3_aD-peak,"[2170.0, 2240.0)",467,0.0003945233765989542,3.5110706009255921e-10
SVJ_Esh_mZp-3000_mD-50_rinv-0p3_aD-peak,"[2240.0, 2310.0)",422,0.00036417541559785604,3.1727445670703958e-10
SVJ_Esh_mZp-3000_mD-50_rinv-0p3_aD-peak,"[2310.0, 2380.0)",351,0.00030087825143709779,2.6389415652694481e-10
SVJ_Esh_mZp-3000_mD-50_rinv-0p3_aD-peak,"[2380.0, 2450.0)",310,0.00026706198696047068,2.330689252705298e-10
SVJ_Esh_mZp-3000_mD-50_rinv-0p3_aD-peak,"[2450.0, 2520.0)",270,0.00023064443666953593,2.0299550929081533e-10
SVJ_Esh_mZp-3000_mD-50_rinv-0p3_aD-peak,"[2520.0, 2590.0)",218,0.00018729022121988237,1.6390007406830165e-10
SVJ_Esh_mZp-3000_mD-50_rinv-0p3_aD-peak,"[2590.0, 2660.0)",157,0.00013266390305943787,1.1803813482202941e-10
SVJ_Esh_mZp-3000_mD-50_rinv-0p3_aD-peak,"[2660.0, 2730.0)",148,0.00012486014747992158,1.1127161692048304e-10
SVJ_Esh_mZp-3000_mD-50_rinv-0p3_aD-peak,"[2730.0, 2800.0)",103,8.7575521320104599e-05,7.7439027412751216e-11
SVJ_Esh_mZp-3000_mD-50_rinv-0p3_aD-peak,"[2800.0, 2870.0)",97,8.0638841609470546e-05,7.2928017791351607e-11
SVJ_Esh_mZp-3000_mD-50_rinv-0p3_aD-peak,"[2870.0, 2940.0)",67,5.809465073980391e-05,5.0372959276012708e-11
SVJ_Esh_mZp-3000_mD-50_rinv-0p3_aD-peak,"[2940.0, 3010.0)",41,3.3816289942478761e-05,3.0825245134202817e-11
SVJ_Esh_mZp-3000_mD-50_rinv-0p3_aD-peak,"[3010.0, 3080.0)",43,3.728462615981698e-05,3.2328913851520369e-11
SVJ_Esh_mZp-3000_mD-50_rinv-0p3_aD-peak,"[3080.0, 3150.0)",32,2.7746698833652772e-05,2.4058727232656452e-11
SVJ_Esh_mZp-3000_mD-50_rinv-0p3_aD-peak,"[3150.0, 3220.0)",19,1.4740433471160941e-05,1.4284869294389768e-11
SVJ_Esh_mZp-3000_mD-50_rinv-0p3_aD-peak,"[3220.0, 3290.0)",7,6.0695901993312873e-06,5.2628465821435988e-12
SVJ_Esh_mZp-3000_mD-50_rinv-0p3_aD-peak,"[3290.0, 3360.0)",13,1.127209634432802e-05,9.7738579382666835e-12
SVJ_Esh_mZp-3000_mD-50_rinv-0p3_aD-peak,"[3360.0, 3430.0)",5,4.3354216359148268e-06,3.7591761301025706e-12
SVJ_Esh_mZp-3000_mD-50_rinv-0p3_aD-peak,"[3430.0, 3500.0)",5,4.3354216359148268e-06,3.7591761301025706e-12
SVJ_Esh_mZp-3000_mD-50_rinv-0p3_aD-peak,"[3500.0, inf)",33,2.6879613869823515e-05,2.4810563326038704e-11
SVJ_Esh_mZp-4000_mD-20_rinv-0p3_aD-peak,"[-inf, 0.0)",0,0,0
SVJ_Esh_mZp-4000_mD-20_rinv-0p3_aD-peak,"[0.0, 70.0)",65,6.7045525611320045e-06,6.9155418154151493e-13
SVJ_Esh_mZp-4000_mD-20_rinv-0p3_aD-peak,"[70.0, 140.0)",91,9.1800793597940356e-06,9.6817584331609918e-13
SVJ_Esh_mZp-4000_mD-20_rinv-0p3_aD-peak,"[140.0, 210.0)",71,7.3234341471106745e-06,7.5538999968344234e-13
SVJ_Esh_mZp-4000_mD-20_rinv-0p3_aD-peak,"[210.0, 280.0)",93,8.9737850430537947e-06,9.8945450357351694e-13
SVJ_Esh_mZp-4000_mD-20_rinv-0p3_aD-peak,"[280.0, 350.0)",106,1.0727283552114386e-05,1.1277653073557548e-12
SVJ_Esh_mZp-4000_mD-20_rinv-0p3_aD-peak,"[350.0, 420.0)",112,1.0933577868854627e-05,1.1916010712875735e-12
SVJ_Esh_mZp-4000_mD-20_rinv-0p3_aD-peak,"[420.0, 490.0)",133,1.3512251825886779e-05,1.4150262992590479e-12
SVJ_Esh_mZp-4000_mD-20_rinv-0p3_aD-peak,"[490.0, 560.0)",161,1.557519135531038e-05,1.7129265670809413e-12
SVJ_Esh_mZp-4000_mD-20_rinv-0p3_aD-peak,"[560.0, 630.0)",212,2.1660862330463715e-05,2.2555306147115095e-12
SVJ_Esh_mZp-4000_mD-20_rinv-0p3_aD-peak,"[630.0, 700.0)",181,1.8463306332705542e-05,1.9257124107135981e-12
SVJ_Esh_mZp-4000_mD-20_rinv-0p3_aD-peak,"[700.0, 770.0)",228,2.2486037778435275e-05,2.4257592462495481e-12
SVJ_Esh_mZp-4000_mD-20_rinv-0p3_aD-peak,"[770.0, 840.0)",230,2.2898624592926353e-05,2.4470380149271831e-12
SVJ_Esh_mZp-4000_mD-20_rinv-0p3_aD-peak,"[840.0, 910.0)",263,2.6715062631410547e-05,2.798134770762295e-12
SVJ_Esh_mZp-4000_mD-20_rinv-0p3_aD-peak,"[910.0, 980.0)",288,2.9087443181197159e-05,3.0641171024081704e-12
SVJ_Esh_mZp-4000_mD-20_rinv-0p3_aD-peak,"[980.0, 1050.0)",341,3.2284999178955331e-05,3.6279998102961564e-12
SVJ_Esh_mZp-4000_mD-20_rinv-0p3_aD-peak,"[1050.0, 1120.0)",328,3.3007025194820017e-05,3.4896887896734841e-12
SVJ_Esh_mZp-4000_mD-20_rinv-0p3_aD-peak,"[1120.0, 1190.0)",365,3.6617169826058671e-05,3.8833428660234315e-12
SVJ_Esh_mZp-4000_mD-20_rinv-0p3_aD-peak,"[1190.0, 1260.0)",381,3.8473815948236734e-05,4.0535717144019046e-12
SVJ_Esh_mZp-4000_mD-20_rinv-0p3_aD-peak,"[1260.0, 1330.0)",421,4.1155635699396953e-05,4.4791431848267838e-12
SVJ_Esh_mZp-4000_mD-20_rinv-0p3_aD-peak,"[1330.0, 1400.0)",432,4.1877665353240445e-05,4.5961754367718211e-12
SVJ_Esh_mZp-4000_mD-20_rinv-0p3_aD-peak,"[1400.0, 1470.0)",478,4.6828718041069806e-05,5.0855829963891708e-12
SVJ_Esh_mZp-4000_mD-20_rinv-0p3_aD-peak,"[1470.0, 1540.0)",512,5.157347914064303e-05,5.4473192449833174e-12
SVJ_Esh_mZp-4000_mD-20_rinv-0p3_aD-peak,"[1540.0, 1610.0)",482,4.7035013267304748e-05,5.1281405337444408e-12
SVJ_Esh_mZp-4000_mD-20_rinv-0p3_aD-peak,"[1610.0, 1680.0)",471,4.5281514758244157e-05,5.0111082817994035e-12
SVJ_Esh_mZp-4000_mD-20_rinv-0p3_aD-peak,"[1680.0, 1750.0)",513,5.1057744713034481e-05,5.4579587377423522e-12
SVJ_Esh_mZp-4000_mD-20_rinv-0p3_aD-peak,"[1750.0, 1820.0)",509,4.9819980631582439e-05,5.4154012003870822e-12
SVJ_Esh_mZp-4000_mD-20_rinv-0p3_aD-peak,"[1820.0, 1890.0)",491,4.8169629735639319e-05,5.2238942338522776e-12
SVJ_Esh_mZp-4000_mD-20_rinv-0p3_aD-peak,"[1890.0, 1960.0)",549,5.3533272875938565e-05,5.8409731044928304e-12
SVJ_Esh_mZp-4000_mD-20_rinv-0p3_aD-peak,"[1960.0, 2030.0)",549,5.4358446504920721e-05,5.8409731044928304e-12
SVJ_Esh_mZp-4000_mD-20_rinv-0p3_aD-peak,"[2030.0, 2100.0)",497,4.878851177636534e-05,5.2877298893638791e-12
SVJ_Esh_mZp-4000_mD-20_rinv-0p3_aD-peak,"[2100.0, 2170.0)",506,5.0335715059190989e-05,5.3834835894717159e-12
SVJ_Esh_mZp-4000_mD-20_rinv-0p3_aD-peak,"[2170.0, 2240.0)",517,5.1470331527525559e-05,5.5005158414167532e-12
SVJ_Esh_mZp-4000_mD-20_rinv-0p3_aD-peak,"[2240.0, 2310.0)",482,4.9304246203973889e-05,5.1281405337444408e-12
SVJ_Esh_mZp-4000_mD-20_rinv-0p3_aD-peak,"[2310.0, 2380.0)",496,4.9097950977738947e-05,5.2770903966048444e-12
SVJ_Esh_mZp-4000_mD-20_rinv-0p3_aD-peak,"[2380.0, 2450.0)",481,4.7550747694913298e-05,5.117501040985406e-12
SVJ_Esh_mZp-4000_mD-20_rinv-0p3_aD-peak,"[2450.0, 2520.0)",432,4.3528016249183565e-05,4.5961754367718211e-12
SVJ_Esh_mZp-4000_mD-20_rinv-0p3_aD-peak,"[2520.0, 2590.0)",413,4.0124166844179854e-05,4.3940289774779817e-12
SVJ_Esh_mZp-4000_mD-20_rinv-0p3_aD-peak,"[2590.0, 2660.0)",408,4.0639901271788403e-05,4.3408323810445459e-12
SVJ_Esh_mZp-4000_mD-20_rinv-0p3_aD-peak,"[2660.0, 2730.0)",382,3.7751786294393241e-05,4.0642107734800703e-12
SVJ_Esh_mZp-4000_mD-20_rinv-0p3_aD-peak,"[2730.0, 2800.0)",371,3.6617169826058671e-05,3.947178521535033e-12
SVJ_Esh_mZp-4000_mD-20_rinv-0p3_aD-peak,"[2800.0, 2870.0)",297,3.022205964953173e-05,3.1598708025160072e-12
SVJ_Esh_mZp-4000_mD-20_rinv-0p3_aD-peak,"[2870.0, 2940.0)",301,2.9396884201560169e-05,3.2024279061904082e-12
SVJ_Esh_mZp-4000_mD-20_rinv-0p3_aD-peak,"[2940.0, 3010.0)",242,2.3517506633652374e-05,2.5747095427908206e-12
SVJ_Esh_mZp-4000_mD-20_rinv-0p3_aD-peak,"[3010.0, 3080.0)",220,2.1454567104228772e-05,2.340645038900746e-12
SVJ_Esh_mZp-4000_mD-20_rinv-0p3_aD-peak,"[3080.0, 3150.0)",198,2.0010509615531191e-05,2.1065805350106714e-12
SVJ_Esh_mZp-4000_mD-20_rinv-0p3_aD-peak,"[3150.0, 3220.0)",198,1.9185334167559631e-05,2.1065805350106714e-12
SVJ_Esh_mZp-4000_mD-20_rinv-0p3_aD-peak,"[3220.0, 3290.0)",159,1.557519135531038e-05,1.6916480152437408e-12
SVJ_Esh_mZp-4000_mD-20_rinv-0p3_aD-peak,"[3290.0, 3360.0)",135,1.3305957509146538e-05,1.4363048510962484e-12
SVJ_Esh_mZp-4000_mD-20_rinv-0p3_aD-peak,"[3360.0, 3430.0)",117,1.1449312296463177e-05,1.2447975593007921e-12
SVJ_Esh_mZp-4000_mD-20_rinv-0p3_aD-peak,"[3430.0, 3500.0)",83,8.1486095950822346e-06,8.8306152754707989e-13
SVJ_Esh_mZp-4000_mD-20_rinv-0p3_aD-peak,"[3500.0, inf)",374,3.65140222129412e-05,3.9790965661312683e-12
SVJ_Kevin_mZprime-3000_mDark-20_rinv-0.5_alpha-peak,"[-inf, 0.0)",0,0,0
SVJ_Kevin_mZprime-3000_mDark-20_rinv-0.5_alpha-peak,"[0.0, 70.0)",184,5.8220713981427252e-05,1.8422020853225973e-11
SVJ_Kevin_mZprime-3000_mDark-20_rinv-0.5_alpha-peak,"[70.0, 140.0)",408,0.00012909810175187886,4.0848827792538955e-11
SVJ_Kevin_mZprime-3000_mDark-20_rinv-0.5_alpha-peak,"[140.0, 210.0)",733,0.00023193360539153218,7.3387719512485461e-11
SVJ_Kevin_mZprime-3000_mDark-20_rinv-0.5_alpha-peak,"[210.0, 280.0)",1027,0.00032496018684469163,1.0282290296981245e-10
SVJ_Kevin_mZprime-3000_mDark-20_rinv-0.5_alpha-peak,"[280.0, 350.0)",1348,0.00042653002310544252,1.349613198975419e-10
SVJ_Kevin_mZprime-3000_mDark-20_rinv-0.5_alpha-peak,"[350.0, 420.0)",1678,0.00053094758186489344,1.6800080770984493e-10
SVJ_Kevin_mZprime-3000_mDark-20_rinv-0.5_alpha-peak,"[420.0, 490.0)",1904,0.00060245784698054194,1.9062786071888382e-10
SVJ_Kevin_mZprime-3000_mDark-20_rinv-0.5_alpha-peak,"[490.0, 560.0)",1962,0.00062081002397462726,1.9643479898245886e-10
SVJ_Kevin_mZprime-3000_mDark-20_rinv-0.5_alpha-peak,"[560.0, 630.0)",2212,0.00069991423515602946,2.2146472156148178e-10
SVJ_Kevin_mZprime-3000_mDark-20_rinv-0.5_alpha-peak,"[630.0, 700.0)",2300,0.00072775891749188304,2.3027524331808991e-10
SVJ_Kevin_mZprime-3000_mDark-20_rinv-0.5_alpha-peak,"[700.0, 770.0)",2355,0.00074516184395179152,2.3578183849792822e-10
SVJ_Kevin_mZprime-3000_mDark-20_rinv-0.5_alpha-peak,"[770.0, 840.0)",2459,0.00077806925401091576,2.4619428717898018e-10
SVJ_Kevin_mZprime-3000_mDark-20_rinv-0.5_alpha-peak,"[840.0, 910.0)",2478,0.00078408117406070232,2.4809654330937292e-10
SVJ_Kevin_mZprime-3000_mDark-20_rinv-0.5_alpha-peak,"[910.0, 980.0)",2402,0.00076003349386155605,2.4048746327665071e-10
SVJ_Kevin_mZprime-3000_mDark-20_rinv-0.5_alpha-peak,"[980.0, 1050.0)",2433,0.00076984241604804993,2.4359117500871719e-10
SVJ_Kevin_mZprime-3000_mDark-20_rinv-0.5_alpha-peak,"[1050.0, 1120.0)",2215,0.00070086348569020629,2.2176507852300631e-10
SVJ_Kevin_mZprime-3000_mDark-20_rinv-0.5_alpha-peak,"[1120.0, 1190.0)",2217,0.00070149631937965751,2.2196532112328526e-10
SVJ_Kevin_mZprime-3000_mDark-20_rinv-0.5_alpha-peak,"[1190.0, 1260.0)",2211,0.00069959781831130385,2.213645933224484e-10
SVJ_Kevin_mZprime-3000_mDark-20_rinv-0.5_alpha-peak,"[1260.0, 1330.0)",2043,0.00064643978839740157,2.0454449245477235e-10
SVJ_Kevin_mZprime-3000_mDark-20_rinv-0.5_alpha-peak,"[1330.0, 1400.0)",1936,0.00061258318601176143,1.9383168681219587e-10
SVJ_Kevin_mZprime-3000_mDark-20_rinv-0.5_alpha-peak,"[1400.0, 1470.0)",1664,0.00052651774603873491,1.6659913726346787e-10
SVJ_Kevin_mZprime-3000_mDark-20_rinv-0.5_alpha-peak,"[1470.0, 1540.0)",1616,0.00051132973749190569,1.617933981234998e-10
SVJ_Kevin_mZprime-3000_mDark-20_rinv-0.5_alpha-peak,"[1540.0, 1610.0)",1411,0.00044646428432315588,1.4126885772292042e-10
SVJ_Kevin_mZprime-3000_mDark-20_rinv-0.5_alpha-peak,"[1610.0, 1680.0)",1236,0.00039109133649617434,1.2374791469316193e-10
SVJ_Kevin_mZprime-3000_mDark-20_rinv-0.5_alpha-peak,"[1680.0, 1750.0)",1100,0.00034805861650966108,1.1013163991879793e-10
SVJ_Kevin_mZprime-3000_mDark-20_rinv-0.5_alpha-peak,"[1750.0, 1820.0)",973,0.00030787367722950876,9.7416442967901418e-11
SVJ_Kevin_mZprime-3000_mDark-20_rinv-0.5_alpha-peak,"[1820.0, 1890.0)",776,0.00024553952971473336,7.769286602954395e-11
SVJ_Kevin_mZprime-3000_mDark-20_rinv-0.5_alpha-peak,"[1890.0, 1960.0)",678,0.0002145306789316237,6.7881138210434955e-11
SVJ_Kevin_mZprime-3000_mDark-20_rinv-0.5_alpha-peak,"[1960.0, 2030.0)",598,0.00018921733135357499,5.9871566038260937e-11
SVJ_Kevin_mZprime-3000_mDark-20_rinv-0.5_alpha-peak,"[2030.0, 2100.0)",461,0.00014586820907425135,4.6155169963757459e-11
SVJ_Kevin_mZprime-3000_mDark-20_rinv-0.5_alpha-peak,"[2100.0, 2170.0)",433,0.00013700853742193431,4.3351818662662467e-11
SVJ_Kevin_mZprime-3000_mDark-20_rinv-0.5_alpha-peak,"[2170.0, 2240.0)",342,0.00010821458999998868,3.4240929536188958e-11
SVJ_Kevin_mZprime-3000_mDark-20_rinv-0.5_alpha-peak,"[2240.0, 2310.0)",280,8.8596738351043314e-05,2.8033509541502966e-11
SVJ_Kevin_mZprime-3000_mDark-20_rinv-0.5_alpha-peak,"[2310.0, 2380.0)",186,5.885354767087847e-05,1.8622259984057976e-11
SVJ_Kevin_mZprime-3000_mDark-20_rinv-0.5_alpha-peak,"[2380.0, 2450.0)",178,5.6322212913073599e-05,1.7821301726006489e-11
SVJ_Kevin_mZprime-3000_mDark-20_rinv-0.5_alpha-peak,"[2450.0, 2520.0)",131,4.1450617572991177e-05,1.3115676947283994e-11
SVJ_Kevin_mZprime-3000_mDark-20_rinv-0.5_alpha-peak,"[2520.0, 2590.0)",114,3.6071531212655827e-05,1.1413642600488494e-11
SVJ_Kevin_mZprime-3000_mDark-20_rinv-0.5_alpha-peak,"[2590.0, 2660.0)",79,2.4996938009280711e-05,7.9094543414814922e-12
SVJ_Kevin_mZprime-3000_mDark-20_rinv-0.5_alpha-peak,"[2660.0, 2730.0)",49,1.550442902953364e-05,4.9058639095544976e-12
SVJ_Kevin_mZprime-3000_mDark-20_rinv-0.5_alpha-peak,"[2730.0, 2800.0)",29,9.1760912255267613e-06,2.9034704328301242e-12
SVJ_Kevin_mZprime-3000_mDark-20_rinv-0.5_alpha-peak,"[2800.0, 2870.0)",40,1.265667742700316e-05,4.0047869534487468e-12
SVJ_Kevin_mZprime-3000_mDark-20_rinv-0.5_alpha-peak,"[2870.0, 2940.0)",24,7.5940060924040154e-06,2.4028721720692481e-12
SVJ_Kevin_mZprime-3000_mDark-20_rinv-0.5_alpha-peak,"[2940.0, 3010.0)",19,6.0119218687759712e-06,1.902273911308372e-12
SVJ_Kevin_mZprime-3000_mDark-20_rinv-0.5_alpha-peak,"[3010.0, 3080.0)",10,3.16416935675079e-06,1.0011967383621867e-12
SVJ_Kevin_mZprime-3000_mDark-20_rinv-0.5_alpha-peak,"[3080.0, 3150.0)",8,2.5313354399258969e-06,8.0095739068974936e-13
SVJ_Kevin_mZprime-3000_mDark-20_rinv-0.5_alpha-peak,"[3150.0, 3220.0)",9,2.8477522846515058e-06,9.0107706452596803e-13
SVJ_Kevin_mZprime-3000_mDark-20_rinv-0.5_alpha-peak,"[3220.0, 3290.0)",6,1.8985015231010038e-06,6.0071804301731202e-13
SVJ_Kevin_mZprime-3000_mDark-20_rinv-0.5_alpha-peak,"[3290.0, 3360.0)",2,6.3283385998147423e-07,2.0023934767243734e-13
SVJ_Kevin_mZprime-3000_mDark-20_rinv-0.5_alpha-peak,"[3360.0, 3430.0)",4,1.2656677199629485e-06,4.0047869534487468e-13
SVJ_Kevin_mZprime-3000_mDark-20_rinv-0.5_alpha-peak,"[3430.0, 3500.0)",3,9.4925076155050192e-07,3.0035902150865601e-13
SVJ_Kevin_mZprime-3000_mDark-20_rinv-0.5_alpha-peak,"[3500.0, inf)",22,6.9611724029527977e-06,2.2026328243968107e-12
SVJ_Kevin_mZprime-3000_mDark-50_rinv-0.3_alpha-peak,"[-inf, 0.0)",0,0,0
SVJ_Kevin_mZprime-3000_mDark-50_rinv-0.3_alpha-peak,"[0.0, 70.0)",9,2.8648880743276095e-06,9.1195378072034261e-13
SVJ_Kevin_mZprime-3000_mDark-50_rinv-0.3_alpha-peak,"[70.0, 140.0)",39,1.24145153677091e-05,3.9517993911941662e-12
SVJ_Kevin_mZprime-3000_mDark-50_rinv-0.3_alpha-peak,"[140.0, 210.0)",99,3.1513769499724731e-05,1.0031491262663117e-11
SVJ_Kevin_mZprime-3000_mDark-50_rinv-0.3_alpha-peak,"[210.0, 280.0)",143,4.5519889681600034e-05,1.4489931823846725e-11
SVJ_Kevin_mZprime-3000_mDark-50_rinv-0.3_alpha-peak,"[280.0, 350.0)",278,8.8493208750151098e-05,2.8169237775710343e-11
SVJ_Kevin_mZprime-3000_mDark-50_rinv-0.3_alpha-peak,"[350.0, 420.0)",427,0.00013592302275355905,4.3267139870906135e-11
SVJ_Kevin_mZprime-3000_mDark-50_rinv-0.3_alpha-peak,"[420.0, 490.0)",530,0.00016871007392182946,5.3703944069560805e-11
SVJ_Kevin_mZprime-3000_mDark-50_rinv-0.3_alpha-peak,"[490.0, 560.0)",760,0.00024192388809751719,7.7009426613372511e-11
SVJ_Kevin_mZprime-3000_mDark-50_rinv-0.3_alpha-peak,"[560.0, 630.0)",879,0.00027980408049188554,8.9067482555993394e-11
SVJ_Kevin_mZprime-3000_mDark-50_rinv-0.3_alpha-peak,"[630.0, 700.0)",1050,0.00033423694549128413,1.0639460146233404e-10
SVJ_Kevin_mZprime-3000_mDark-50_rinv-0.3_alpha-peak,"[700.0, 770.0)",1263,0.0004020392952952534,1.2797750359450077e-10
SVJ_Kevin_mZprime-3000_mDark-50_rinv-0.3_alpha-peak,"[770.0, 840.0)",1319,0.00041986527503468096,1.3365188122893557e-10
SVJ_Kevin_mZprime-3000_mDark-50_rinv-0.3_alpha-peak,"[840.0, 910.0)",1505,0.00047907294356264174,1.5249893015045757e-10
SVJ_Kevin_mZprime-3000_mDark-50_rinv-0.3_alpha-peak,"[910.0, 980.0)",1668,0.00053095928160473704,1.6901542665426206e-10
SVJ_Kevin_mZprime-3000_mDark-50_rinv-0.3_alpha-peak,"[980.0, 1050.0)",1774,0.00056470127310603857,1.797562099170591e-10
SVJ_Kevin_mZprime-3000_mDark-50_rinv-0.3_alpha-peak,"[1050.0, 1120.0)",1865,0.00059366849018260837,1.8897708398135649e-10
SVJ_Kevin_mZprime-3000_mDark-50_rinv-0.3_alpha-peak,"[1120.0, 1190.0)",1931,0.00061467767227441072,1.9566473441479104e-10
SVJ_Kevin_mZprime-3000_mDark-50_rinv-0.3_alpha-peak,"[1190.0, 1260.0)",2054,0.00065383111359551549,2.0812811196702086e-10
SVJ_Kevin_mZprime-3000_mDark-50_rinv-0.3_alpha-peak,"[1260.0, 1330.0)",2048,0.0006519212038256228,2.0752013996094831e-10
SVJ_Kevin_mZprime-3000_mDark-50_rinv-0.3_alpha-peak,"[1330.0, 1400.0)",2164,0.00068884645588696003,2.1927420990053292e-10
SVJ_Kevin_mZprime-3000_mDark-50_rinv-0.3_alpha-peak,"[1400.0, 1470.0)",2156,0.00068629987072199583,2.1846358055910287e-10
SVJ_Kevin_mZprime-3000_mDark-50_rinv-0.3_alpha-peak,"[1470.0, 1540.0)",2094,0.00066656398121267557,2.1218123091859553e-10
SVJ_Kevin_mZprime-3000_mDark-50_rinv-0.3_alpha-peak,"[1540.0, 1610.0)",2083,0.00066306244116276503,2.1106662251302311e-10
SVJ_Kevin_mZprime-3000_mDark-50_rinv-0.3_alpha-peak,"[1610.0, 1680.0)",2008,0.00063918839441612363,2.0346700713158583e-10
SVJ_Kevin_mZprime-3000_mDark-50_rinv-0.3_alpha-peak,"[1680.0, 1750.0)",1961,0.0006242272793315351,1.9870458056736595e-10
SVJ_Kevin_mZprime-3000_mDark-50_rinv-0.3_alpha-peak,"[1750.0, 1820.0)",1906,0.00060671963728964329,1.9313153853950382e-10
SVJ_Kevin_mZprime-3000_mDark-50_rinv-0.3_alpha-peak,"[1820.0, 1890.0)",1771,0.00056374631822109222,1.7945223085291673e-10
SVJ_Kevin_mZprime-3000_mDark-50_rinv-0.3_alpha-peak,"[1890.0, 1960.0)",1667,0.00053064094390720129,1.689141049254772e-10
SVJ_Kevin_mZprime-3000_mDark-50_rinv-0.3_alpha-peak,"[1960.0, 2030.0)",1578,0.000502310402225703,1.5989588819653733e-10
SVJ_Kevin_mZprime-3000_mDark-50_rinv-0.3_alpha-peak,"[2030.0, 2100.0)",1433,0.00045615385170094669,1.4520330771095047e-10
SVJ_Kevin_mZprime-3000_mDark-50_rinv-0.3_alpha-peak,"[2100.0, 2170.0)",1304,0.00041509044240228832,1.3213195815264811e-10
SVJ_Kevin_mZprime-3000_mDark-50_rinv-0.3_alpha-peak,"[2170.0, 2240.0)",1280,0.00040745074511505663,1.2970008400614574e-10
SVJ_Kevin_mZprime-3000_mDark-50_rinv-0.3_alpha-peak,"[2240.0, 2310.0)",1002,0.00031895755091682076,1.015308531693293e-10
SVJ_Kevin_mZprime-3000_mDark-50_rinv-0.3_alpha-peak,"[2310.0, 2380.0)",939,0.00029890332370996475,9.5147174861143213e-11
SVJ_Kevin_mZprime-3000_mDark-50_rinv-0.3_alpha-peak,"[2380.0, 2450.0)",832,0.00026484299451112747,8.4305055991773514e-11
SVJ_Kevin_mZprime-3000_mDark-50_rinv-0.3_alpha-peak,"[2450.0, 2520.0)",654,0.00020818186749238521,6.626863641168157e-11
SVJ_Kevin_mZprime-3000_mDark-50_rinv-0.3_alpha-peak,"[2520.0, 2590.0)",561,0.00017857801867648959,5.684511542036752e-11
SVJ_Kevin_mZprime-3000_mDark-50_rinv-0.3_alpha-peak,"[2590.0, 2660.0)",408,0.00012987492664251477,4.1341902123903651e-11
SVJ_Kevin_mZprime-3000_mDark-50_rinv-0.3_alpha-peak,"[2660.0, 2730.0)",359,0.00011427720164647326,3.6376821693773209e-11
SVJ_Kevin_mZprime-3000_mDark-50_rinv-0.3_alpha-peak,"[2730.0, 2800.0)",254,8.0853511462919414e-05,2.5737361894484501e-11
SVJ_Kevin_mZprime-3000_mDark-50_rinv-0.3_alpha-peak,"[2800.0, 2870.0)",186,5.9207686717854813e-05,1.8847043717351575e-11
SVJ_Kevin_mZprime-3000_mDark-50_rinv-0.3_alpha-peak,"[2870.0, 2940.0)",118,3.7561865610769019e-05,1.1956726407580387e-11
SVJ_Kevin_mZprime-3000_mDark-50_rinv-0.3_alpha-peak,"[2940.0, 3010.0)",91,2.8967202524654567e-05,9.2208653906800109e-12
SVJ_Kevin_mZprime-3000_mDark-50_rinv-0.3_alpha-peak,"[3010.0, 3080.0)",55,1.7507649317849427e-05,5.5730507014795094e-12
SVJ_Kevin_mZprime-3000_mDark-50_rinv-0.3_alpha-peak,"[3080.0, 3150.0)",44,1.4006119272380602e-05,4.4584405611836075e-12
SVJ_Kevin_mZprime-3000_mDark-50_rinv-0.3_alpha-peak,"[3150.0, 3220.0)",28,8.9129853222402744e-06,2.8371894677386988e-12
SVJ_Kevin_mZprime-3000_mDark-50_rinv-0.3_alpha-peak,"[3220.0, 3290.0)",22,7.0030596361903008e-06,2.2292202805918038e-12
SVJ_Kevin_mZprime-3000_mDark-50_rinv-0.3_alpha-peak,"[3290.0, 3360.0)",18,5.729776148655219e-06,1.8239075614406852e-12
SVJ_Kevin_mZprime-3000_mDark-50_rinv-0.3_alpha-peak,"[3360.0, 3430.0)",19,6.0480970205389895e-06,1.925235578598139e-12
SVJ_Kevin_mZprime-3000_mDark-50_rinv-0.3_alpha-peak,"[3430.0, 3500.0)",5,1.59160447310569e-06,5.0664095314900681e-13
SVJ_Kevin_mZprime-3000_mDark-50_rinv-0.3_alpha-peak,"[3500.0, inf)",52,1.6552687156945467e-05,5.2690659994858446e-12
SVJ_Kevin_mZprime-4000_mDark-20_rinv-0.3_alpha-peak,"[-inf, 0.0)",0,0,0
SVJ_Kevin_mZprime-4000_mDark-20_rinv-0.3_alpha-peak,"[0.0, 70.0)",9,3.1018007007332926e-07,1.0690186833894975e-14
SVJ_Kevin_mZprime-4000_mDark-20_rinv-0.3_alpha-peak,"[70.0, 140.0)",40,1.3785780765829259e-06,4.7511941483977665e-14
SVJ_Kevin_mZprime-4000_mDark-20_rinv-0.3_alpha-peak,"[140.0, 210.0)",91,3.1362651498056948e-06,1.0808966433495035e-13
SVJ_Kevin_mZprime-4000_mDark-20_rinv-0.3_alpha-peak,"[210.0, 280.0)",113,3.894483143085381e-06,1.3422123384520396e-13
SVJ_Kevin_mZprime-4000_mDark-20_rinv-0.3_alpha-peak,"[280.0, 350.0)",196,6.7550327003118582e-06,2.3280850988335877e-13
SVJ_Kevin_mZprime-4000_mDark-20_rinv-0.3_alpha-peak,"[350.0, 420.0)",290,9.9946910268045031e-06,3.4446157406477218e-13
SVJ_Kevin_mZprime-4000_mDark-20_rinv-0.3_alpha-peak,"[420.0, 490.0)",333,1.1476662621134892e-05,3.9553690184268575e-13
SVJ_Kevin_mZprime-4000_mDark-20_rinv-0.3_alpha-peak,"[490.0, 560.0)",443,1.5267753042280674e-05,5.2619475617021738e-13
SVJ_Kevin_mZprime-4000_mDark-20_rinv-0.3_alpha-peak,"[560.0, 630.0)",521,1.7955979274120182e-05,6.1884303020551257e-13
SVJ_Kevin_mZprime-4000_mDark-20_rinv-0.3_alpha-peak,"[630.0, 700.0)",633,2.181599847972393e-05,7.5187647991317719e-13
SVJ_Kevin_mZprime-4000_mDark-20_rinv-0.3_alpha-peak,"[700.0, 770.0)",686,2.3642614905838855e-05,8.1482981169681001e-13
SVJ_Kevin_mZprime-4000_mDark-20_rinv-0.3_alpha-peak,"[770.0, 840.0)",769,2.6503164917812683e-05,9.134171283925463e-13
SVJ_Kevin_mZprime-4000_mDark-20_rinv-0.3_alpha-peak,"[840.0, 910.0)",834,2.8743354050675407e-05,9.9062403245697706e-13
SVJ_Kevin_mZprime-4000_mDark-20_rinv-0.3_alpha-peak,"[910.0, 980.0)",943,3.2499978260602802e-05,1.1200940348843336e-12
SVJ_Kevin_mZprime-4000_mDark-20_rinv-0.3_alpha-peak,"[980.0, 1050.0)",1013,3.4912489354610443e-05,1.2032398731889882e-12
SVJ_Kevin_mZprime-4000_mDark-20_rinv-0.3_alpha-peak,"[1050.0, 1120.0)",1050,3.618767368607223e-05,1.2471884419315571e-12
SVJ_Kevin_mZprime-4000_mDark-20_rinv-0.3_alpha-peak,"[1120.0, 1190.0)",1168,4.0254479245049879e-05,1.3873486777796207e-12
SVJ_Kevin_mZprime-4000_mDark-20_rinv-0.3_alpha-peak,"[1190.0, 1260.0)",1177,4.0564660594100133e-05,1.3980389112003277e-12
SVJ_Kevin_mZprime-4000_mDark-20_rinv-0.3_alpha-peak,"[1260.0, 1330.0)",1231,4.242574141244404e-05,1.4621799864639184e-12
SVJ_Kevin_mZprime-4000_mDark-20_rinv-0.3_alpha-peak,"[1330.0, 1400.0)",1344,4.6320223191287369e-05,1.5964011796515409e-12
SVJ_Kevin_mZprime-4000_mDark-20_rinv-0.3_alpha-peak,"[1400.0, 1470.0)",1444,4.9766669690143317e-05,1.7151810570784076e-12
SVJ_Kevin_mZprime-4000_mDark-20_rinv-0.3_alpha-peak,"[1470.0, 1540.0)",1497,5.1593284297268838e-05,1.7781343888620404e-12
SVJ_Kevin_mZprime-4000_mDark-20_rinv-0.3_alpha-peak,"[1540.0, 1610.0)",1498,5.1627750508487225e-05,1.7793222407622156e-12
SVJ_Kevin_mZprime-4000_mDark-20_rinv-0.3_alpha-peak,"[1610.0, 1680.0)",1533,5.2834006055491045e-05,1.8208952141246515e-12
SVJ_Kevin_mZprime-4000_mDark-20_rinv-0.3_alpha-peak,"[1680.0, 1750.0)",1593,5.4901873227208853e-05,1.8921630755286412e-12
SVJ_Kevin_mZprime-4000_mDark-20_rinv-0.3_alpha-peak,"[1750.0, 1820.0)",1653,5.696974039892666e-05,1.9634309369326308e-12
SVJ_Kevin_mZprime-4000_mDark-20_rinv-0.3_alpha-peak,"[1820.0, 1890.0)",1667,5.7452241890132427e-05,1.980060213013779e-12
SVJ_Kevin_mZprime-4000_mDark-20_rinv-0.3_alpha-peak,"[1890.0, 1960.0)",1640,5.6521701480960473e-05,1.9479895127516578e-12
SVJ_Kevin_mZprime-4000_mDark-20_rinv-0.3_alpha-peak,"[1960.0, 2030.0)",1646,5.6728487834334373e-05,1.955116407312274e-12
SVJ_Kevin_mZprime-4000_mDark-20_rinv-0.3_alpha-peak,"[2030.0, 2100.0)",1511,5.2075789426453412e-05,1.7947635565229714e-12
SVJ_Kevin_mZprime-4000_mDark-20_rinv-0.3_alpha-peak,"[2100.0, 2170.0)",1587,5.4695086873834953e-05,1.8850361809680249e-12
SVJ_Kevin_mZprime-4000_mDark-20_rinv-0.3_alpha-peak,"[2170.0, 2240.0)",1520,5.2385967137524858e-05,1.8054537899436784e-12
SVJ_Kevin_mZprime-4000_mDark-20_rinv-0.3_alpha-peak,"[2240.0, 2310.0)",1476,5.0869533879449591e-05,1.7531906915807527e-12
SVJ_Kevin_mZprime-4000_mDark-20_rinv-0.3_alpha-peak,"[2310.0, 2380.0)",1439,4.9594345910008997e-05,1.7092421228381838e-12
SVJ_Kevin_mZprime-4000_mDark-20_rinv-0.3_alpha-peak,"[2380.0, 2450.0)",1468,5.0593815103638917e-05,1.7436882016400035e-12
SVJ_Kevin_mZprime-4000_mDark-20_rinv-0.3_alpha-peak,"[2450.0, 2520.0)",1344,4.6320223191287369e-05,1.5964011796515409e-12
SVJ_Kevin_mZprime-4000_mDark-20_rinv-0.3_alpha-peak,"[2520.0, 2590.0)",1263,4.3528601963771507e-05,1.5001895125460463e-12
SVJ_Kevin_mZprime-4000_mDark-20_rinv-0.3_alpha-peak,"[2590.0, 2660.0)",1280,4.4114498450653628e-05,1.5203821274872853e-12
SVJ_Kevin_mZprime-4000_mDark-20_rinv-0.3_alpha-peak,"[2660.0, 2730.0)",1091,3.7600719224428758e-05,1.295888201434392e-12
SVJ_Kevin_mZprime-4000_mDark-20_rinv-0.3_alpha-peak,"[2730.0, 2800.0)",1025,3.532606569933705e-05,1.2174935538900034e-12
SVJ_Kevin_mZprime-4000_mDark-20_rinv-0.3_alpha-peak,"[2800.0, 2870.0)",983,3.3878557587740943e-05,1.1676059424869933e-12
SVJ_Kevin_mZprime-4000_mDark-20_rinv-0.3_alpha-peak,"[2870.0, 2940.0)",947,3.2637835829518735e-05,1.1248452256445995e-12
SVJ_Kevin_mZprime-4000_mDark-20_rinv-0.3_alpha-peak,"[2940.0, 3010.0)",803,2.767495607258752e-05,9.538022498548071e-13
SVJ_Kevin_mZprime-4000_mDark-20_rinv-0.3_alpha-peak,"[3010.0, 3080.0)",715,2.4642084099468775e-05,8.4927594470873835e-13
SVJ_Kevin_mZprime-4000_mDark-20_rinv-0.3_alpha-peak,"[3080.0, 3150.0)",652,2.2470823751064017e-05,7.7444463602444058e-13
SVJ_Kevin_mZprime-4000_mDark-20_rinv-0.3_alpha-peak,"[3150.0, 3220.0)",526,1.8128301235265099e-05,6.2478201865584504e-13
SVJ_Kevin_mZprime-4000_mDark-20_rinv-0.3_alpha-peak,"[3220.0, 3290.0)",474,1.6336151020368561e-05,5.6301648456227871e-13
SVJ_Kevin_mZprime-4000_mDark-20_rinv-0.3_alpha-peak,"[3290.0, 3360.0)",377,1.2993098607694265e-05,4.4780005441572013e-13
SVJ_Kevin_mZprime-4000_mDark-20_rinv-0.3_alpha-peak,"[3360.0, 3430.0)",339,1.1683449884003494e-05,4.0266371508813903e-13
SVJ_Kevin_mZprime-4000_mDark-20_rinv-0.3_alpha-peak,"[3430.0, 3500.0)",259,8.9262930487166159e-06,3.0763981856765654e-13
SVJ_Kevin_mZprime-4000_mDark-20_rinv-0.3_alpha-peak,"[3500.0, inf)",844,2.908799797296524e-05,1.002502009357642e-12
